id,name_raw,product_core_id,confidence,super_class
b5a0eb53-00af-42fe-90d1-949a6fcdec36,"СОУС Голландский 1,7 кг. Knorr",condiments.sauce,0.3,condiments.sauce
0599aeac-b8b3-4f35-9c8d-d7b8964ce4b7,СОУС горчичный балк 700 гр. Heinz,condiments.sauce,0.3,condiments.sauce
3ecdfa1b-6fa9-4031-b185-e72296a0673e,СОУС горчичный дип-пот 25 мл *125 шт. Heinz,condiments.sauce,0.3,condiments.sauce
65215bcd-3e76-498f-9960-b7c9ba2532f2,СОУС горчичный пакет 2 кг. Heinz,condiments.sauce,0.3,condiments.sauce
7f9d55d9-d5d9-43b3-b997-f910d0f9692f,СОУС деликатесный Барбекью острый дип-пот 25 мл*125 шт. PIKADOR,condiments.sauce,0.3,condiments.sauce
f4dcb65c-5323-465d-b048-c68fa53b2cf7,СОУС для шаурмы 1 кг. Tamaki,condiments.sauce,0.3,condiments.sauce
c82f46ca-6b16-43eb-8d9a-f6a29acf08f1,СОУС Лемонграсс Таиланд 285 гр. Chang,condiments.sauce,0.3,condiments.sauce
bcc42d26-69f8-4287-8100-eb0f71e079f4,СОУС медово-горчичный 1 кг. Hellmann`s,condiments.sauce,0.3,condiments.sauce
beeee06e-0e11-4b0d-9cce-68282e5a0674,СОУС медово-горчичный 470 мл. Tamaki,condiments.sauce,0.3,condiments.sauce
3dfca2be-33d2-489c-8d4c-f0739c7fcd60,"СОУС Мексиканский 2,2 кг. PROVIL S.A.",condiments.sauce,0.3,condiments.sauce
94453284-6c40-4ab2-9e03-dc051e641116,СОУС на основе растительных масел горчично-медовый дип-пот 25 мл*125 шт. PIKADOR,condiments.sauce,0.3,condiments.sauce
5198b273-1a54-4fe0-a5ab-f09ba105efa0,СОУС на основе растительных масел Тысяча островов дип-пот 25 мл*125 шт. Heinz,condiments.sauce,0.3,condiments.sauce
5b5cfac5-2c7e-4e6d-94ef-11a1fb723373,СОУС ореховый на основе растительных масел 470 мл. Tamaki,condiments.sauce,0.3,condiments.sauce
1c34b288-3af8-48f8-b4b9-799e70b048bd,"СОУС ореховый на основе растительных масел Pro 1,5 л. Tamaki",condiments.sauce,0.3,condiments.sauce
d20b20ae-3c8c-400f-b4ba-fee54428e960,СОУС Пад Тай 1 кг. AROY-D,condiments.sauce,0.3,condiments.sauce
a9b68659-a0ce-44dd-b184-ee5b69e950cc,"СОУС Пад Тай 1,2 кг. Thai Chef",condiments.sauce,0.3,condiments.sauce
f77ae4e0-3dd9-43b8-8cfd-5a5c21ad69d3,"СОУС Перечный 2,3 кг. Kingzest",condiments.sauce,0.3,condiments.sauce
04f461c6-6a49-4441-8da3-491c53d6f81a,СОУС Поке 470 мл. Tamaki,condiments.sauce,0.3,condiments.sauce
81848504-29b7-427a-8803-a5a2893be788,СОУС Понзу 1 кг. PADAM,condiments.sauce,0.3,condiments.sauce
9410109e-7692-4456-9f3d-3f1979cf4d8f,СОУС Ремулад 1 кг. Hellmann`s,condiments.sauce,0.3,condiments.sauce
e0948fa5-c660-4b61-9fca-7884384670f8,СОУС рисовый Мирин 1 л. ToDoFood,condiments.sauce,0.3,condiments.sauce
0e9108fb-850e-46c8-8e55-1504a60735c9,СОУС рисовый Мирин 18 л. PADAM,condiments.sauce,0.3,condiments.sauce
085f14d3-0218-45d0-8b9d-0bddd62b6cd7,"СОУС рыбный 4,5 л. AROY-D",condiments.sauce,0.3,condiments.sauce
645f1e81-fa76-4c22-986c-610ca0ef263b,СОУС рыбный Тайланд 700 мл. Aroy-D Тайланд,condiments.sauce,0.3,condiments.sauce
bfa76b41-5b5d-4ee0-b74e-7f5e75692188,СОУС со вкусом лемонграсса 470 мл. Tamaki,condiments.sauce,0.3,condiments.sauce
bb15621e-8528-4787-89f1-5b236900af12,СОУС Спайси 470 мл. Tamaki,condiments.sauce,0.3,condiments.sauce
aa1fec04-2936-475d-a22a-a69cc9b78bbf,СОУС Тысяча островов оригинальный балк 1 кг. Heinz,condiments.sauce,0.3,condiments.sauce
8e408cee-c1d0-4486-9e92-5c42e916b4d1,"СОУС Унаги 1,5 л. GENSO",condiments.sauce,0.3,condiments.sauce
32ed4f1c-4124-45ec-a774-ab17f751b6ae,"СОУС Унаги 1,5 л. GENSO",condiments.sauce,0.3,condiments.sauce
24777158-5c26-457d-9531-e65346053124,"СОУС Унаги 1,8 л. BG",condiments.sauce,0.3,condiments.sauce
3ce23596-a1ae-4320-8958-86c89e2065da,"СОУС Унаги 1,8 л. PRB",condiments.sauce,0.3,condiments.sauce
bdf5672b-ad57-4cc2-9adb-614b6e482956,СОУС Унаги 470 мл. Tamaki,condiments.sauce,0.3,condiments.sauce
03e76153-ecc8-4f5b-91c2-d4553d25ca10,СОУС устричный 1 л. Tamaki,condiments.sauce,0.3,condiments.sauce
84756801-d6ec-4490-b54c-aaf1776f006d,"СОУС устричный 2,4 кг. PEARL RIVER BRIDGE",condiments.sauce,0.3,condiments.sauce
69b6c428-0ecc-4f36-a0be-bbcfc99a9922,СОУС устричный 510 гр. PEARL RIVER BRIDGE,condiments.sauce,0.3,condiments.sauce
9c1b0f3a-39b2-481c-afbe-04891474d2fb,СОУС Халапеньо 470 мл. Tamaki,condiments.sauce,0.3,condiments.sauce
2e026516-8fee-444a-a38e-d96c3f8e7a32,СОУС Хойсин 1 л.,condiments.sauce,0.3,condiments.sauce
ba05b624-34c0-4a07-8d50-4f487d8bda7e,"СОУС Хойсин 2,20 кг. PRB",condiments.sauce,0.3,condiments.sauce
45bb92ec-17d8-4d4e-8cfe-6f811901c875,СОУС чёрно-перечный 1.5 л. Asian Style Genso,condiments.sauce,0.3,condiments.sauce
be5a8255-dca0-48cd-a74d-2e166fcd8633,"СОУС чёрно-перечный Тайланд 2,3 кг. GENSO",condiments.sauce,0.3,condiments.sauce
ac364306-5ef3-4f33-b326-3e1b3f4ed046,СОУС Черный перец 470 мл. Tamaki,condiments.sauce,0.3,condiments.sauce
c7ee19c7-4de6-474a-bb74-663a33acd0d2,СОУС чесночный дип-пот 25 мл*125 шт. Heinz,condiments.sauce,0.3,condiments.sauce
7d23dd88-d6f4-4f56-8408-88683f2dfbed,СОУС чесночный пакет 1 кг. PIKADOR PRO,condiments.sauce,0.3,condiments.sauce
e5252220-2554-45ca-96d0-aa4115030494,СОУС чесночный Ранч на основе растительных масел 1 кг. Tamaki,condiments.sauce,0.3,condiments.sauce
12272acb-061f-4265-b656-fdb3b95c9ff2,СОУС Чесночный Ранч на основе растительных масел 470 мл. Tamaki,condiments.sauce,0.3,condiments.sauce
1478410e-402d-4dcd-9a84-df0904ea4b15,СОУС Шрирача 1 л. Tamaki,condiments.sauce,0.3,condiments.sauce
cdfd8222-da75-4305-9274-645d1bab92e4,СОУС Шрирача 475 гр. Uni-Eagle,condiments.sauce,0.3,condiments.sauce
63faf580-5c70-46df-82d1-07a646bb27c3,СОУС Шрирача с дозатором 230 гр. Uni-Eagle,condiments.sauce,0.3,condiments.sauce
003bd40a-3227-48eb-99e2-481e606f534e,СОУС Шрирача с дозатором 815 гр. Uni-Eagle,condiments.sauce,0.3,condiments.sauce
1d939812-21cf-44f2-ac83-be969865f78a,СОУС Юдзу 470 мл. Tamaki,condiments.sauce,0.3,condiments.sauce
efdf2044-f675-4508-96f5-fefda06125d3,АЗИАТСКАЯ СМЕСЬ трав п/б 136 гр. KOTANY,condiments.spice,0.3,condiments.spice
ddac37d5-c900-4f2d-8984-7741abdde1fd,ГАЛАНГАЛ сушеный (резаный) Таиланд 100 гр. GENSO,condiments.spice,0.3,condiments.spice
856e499b-d311-4a18-9d61-4e32a915ae7b,ГВОЗДИКА целая пакет 500 гр. SpicеExpert,condiments.spice,0.3,condiments.spice
5eca591b-0859-43cb-b82e-b4368e30b97c,КАКАО порошок 1 кг. SpicExpert,condiments.spice,0.3,condiments.spice
7bf1f87e-a44f-43f6-adbf-7cd21e7bc9d0,КАРДАМОН молотый п/б 159 гр. KOTANYI,condiments.spice,0.3,condiments.spice
952ff048-153e-4685-bda3-59f2e30c4fe1,КОРИЦА молотая 600 гр. KOTANYI,condiments.spice,0.3,condiments.spice
64cf8f2d-5216-43cf-98b4-b92c0cee9a88,КОРИЦА молотая в банке 400 гр. SpicеExpert,condiments.spice,0.3,condiments.spice
6d2c4e0a-0904-4231-a5fb-559c7ce6a0a5,КОРИЦА палочки 350 гр. KOTANYI,condiments.spice,0.3,condiments.spice
f1c0706d-40b2-4289-a986-4d41734c028d,КОРИЦА палочки пакет 1 кг. SpicеExpert,condiments.spice,0.3,condiments.spice
d687e912-4dab-44c9-8b1f-40d4fbe1b4b2,КУМИН семена банка 450 гр. SpiceExpert,condiments.spice,0.3,condiments.spice
eea1e7bc-cfd2-4dd5-8107-cf6ae13e2c0d,"СЛИВОЧНАЯ БАЗА сухая смесь 1,5 кг. Knorr",condiments.spice,0.3,condiments.spice
d7d26206-278d-422e-9102-4d7998fbdf48,СМЕСЬ темпурная 1 кг. KANESHIRO,condiments.spice,0.3,condiments.spice
4acbcbca-ce27-448f-9ab1-cb377cac2409,СМЕСЬ темпурная 1 кг. Tamaki Pro,condiments.sauce,0.3,condiments.sauce
c0d54b58-c98c-40f0-8648-d2a1178d6f88,СПЕЦИЯ Шичими Тогараши 250 гр.,condiments.spice,0.3,condiments.spice
ce9596e2-9094-499f-8dad-5902b878f159,ЧЕСНОК молотый банка 450 гр. SpicеExpert,condiments.spice,0.3,condiments.spice
fe348aee-98cb-4ecc-894b-85ce07cc31f7,МУКА Темпура 1 кг. ToDoFood,staples.мука,0.3,staples.мука
49b16b59-b480-4c80-b0f5-da910ba077c6,ОСНОВА для безалкогольных напитков Мохито 1 кг. Barinoff,beverages.syrup,0.3,beverages.syrup
35adc429-6189-4e51-8b7c-6b6327ef4b6c,ГОРБУША потрошеная без головы (штучная заморозка) с/м вес 26 кг. Максимовский,seafood.salmon,0.3,seafood.salmon
6cf6ccdf-b548-4465-8fb1-e800dcae82ca,"ЛОСОСЬ потрошеный с головой 4-5 с/м Чили вес 20,930 кг.",seafood.salmon,0.3,seafood.salmon
eeb3605d-061f-4b37-8edd-c30b51bf2e59,ЛОСОСЬ потрошеный с головой 6/7 Чили с/м вес 26 кг.,seafood.salmon,0.3,seafood.salmon
52b90a3b-2039-4155-acd0-b26d5cd5fde5,"ГЁДЗА со свининой п/ф 0,5 кг. Yoshimi",meat.pork,0.3,meat.pork
4d73c65c-e9f3-4f04-8c81-2b4d1cfe7e0e,ВАРЕНИКИ с картофелем и грибами с грибным соусом 250 гр. Qummy,condiments.sauce,0.3,condiments.sauce
4f5d4eee-f021-42ac-8c15-67a1cec3596c,ПЕЛЬМЕНИ куриные в сливочном соусе с/м 250 гр. Qummy,condiments.sauce,0.3,condiments.sauce
97ddaee4-97ea-41c2-a625-cbba821d2676,ЦЫПЛЕНОК в сливочном соусе с/м 250 гр. Qummy,condiments.sauce,0.3,condiments.sauce
5930f718-2f82-414d-a550-379478beedef,"КАРТОФЕЛЬНЫЕ дольки с кожурой без специй Fry Me Premium 2,5 кг. Ви Фрай  W12",condiments.spice,0.3,condiments.spice
6d3a58fe-2d4b-4a1c-a585-83e0e29c9a67,"КАРТОФЕЛЬНЫЕ дольки с кожурой без специй Triumph 2,5 кг. Ви фрай TRW12",condiments.spice,0.3,condiments.spice
d58a264e-e3b9-4510-9bae-84c836cded5e,"КАРТОФЕЛЬНЫЕ дольки с кожурой и специями Fry Me Premium 2,5 кг. Ви Фрай W01",condiments.spice,0.3,condiments.spice
e09c97b6-f73c-46d5-930b-f7ffcb0a0935,"КАРТОФЕЛЬНЫЕ дольки с кожурой и специями Triumph 2,5 кг. Ви фрай TRW01",condiments.spice,0.3,condiments.spice
9ee160c5-f60d-477b-8df5-71ed8c897f90,"КАРТОФЕЛЬ фри с панировкой без специй Racing Fries Fry Me Экспресс 6*6 мм 2,5 кг. Ви Фрай FT6",condiments.spice,0.3,condiments.spice
c7dc0eb5-aab6-4789-b48a-15ed10f68229,ГОВЯДИНА блоки высший сорт с/м вес 5 кг. Казанский МК,meat.beef,0.3,meat.beef
ed447d99-dca8-47e4-9d16-0aef0ca7851f,"ГОВЯДИНА голяшка без кости Boneless Shank beef с/м вес 1,3 кг. Orenbeef",meat.beef,0.3,meat.beef
340f8dee-2a67-4b41-aa1d-b6c054c050b1,"ГОВЯДИНА для тушения б/к с/м вес 1,2 кг. Дельта",meat.beef,0.3,meat.beef
a00fcf65-6a31-4437-8792-417751b5fcfc,ГОВЯДИНА лопаточный отруб без кости с/м вес 10 кг. Эталон,meat.beef,0.3,meat.beef
4c6efbd1-97f8-43b4-8f70-05df683ce47b,ГОВЯДИНА лопаточный отруб без кости с/м вес 25 кг. Minerva,meat.beef,0.3,meat.beef
803a0a8f-3933-42dc-ba2a-7b1ec57dabc1,ГОВЯДИНА лопаточный отруб ГОСТ б/к с/м вес 10 кг. Казанский МК,meat.beef,0.3,meat.beef
559a7b8a-44d1-4436-98cd-7968a7158bfd,ГОВЯДИНА лопаточный отруб ТУ б/к с/м вес 13 кг. Казанский МК,meat.beef,0.3,meat.beef
f0691d3e-88d3-4739-9420-95d5b5ba6093,ГОВЯДИНА толстый край бескостный с/м вес 7 кг. Дельта,meat.beef,0.3,meat.beef
1d245f4d-e803-476e-8aa5-68bb57922843,ГОВЯДИНА тонкий край б/к ГОСТ с/м вес 3 кг. Казанский МК,meat.beef,0.3,meat.beef
15c80b19-c8c2-4b8b-bac9-c6faf29c60f7,ГОВЯДИНА тонкий край бескостный с/м вес 7 кг. Дельта,meat.beef,0.3,meat.beef
b037ab63-4906-4bfa-a063-4c18de718e14,"ГОВЯДИНА шейный отруб (замороженная по ГОСТ 31797-2012) Беларусь с/м вес  5,5 кг. Молодечно",meat.beef,0.3,meat.beef
0b82f163-1746-4794-80ed-5a1eb52d4465,"ГОВЯДИНА мраморная отруб поясничный без кости с/м вес 4,5 кг. Эталон",meat.beef,0.3,meat.beef
aa84fe73-8fbf-4678-84d0-f86d6d78c40d,"ГОВЯДИНА мраморная подлопаточный отруб б/к Экстра (Chuck Eye Roll) с/м вес 5,5 кг. Эталон",meat.beef,0.3,meat.beef
6a78b696-41c7-4749-b442-945edad7b0e1,"ГОВЯДИНА мраморная поясничный отруб (Strip Loin TOP CHOICE) с/м вес 4,25 кг. PRIMEBEEF",meat.beef,0.3,meat.beef
50605fb7-0d28-4d08-a9bb-2fd96645be79,"СВИНИНА вырезка с/м вес 1,2 кг. Черкизово",meat.pork,0.3,meat.pork
bd001199-0a9b-4d21-b457-6318cdd1f0f5,"СВИНИНА карбонад с/м вес 4,25 кг. Черкизово",meat.pork,0.3,meat.pork
cef6bd99-4265-4fbd-91b9-3e6d74e21515,"СВИНИНА карбонад с/м вес 4,25-7,5 кг. Агробелогорье",meat.pork,0.3,meat.pork
6195023a-4a11-4af0-a75b-7320f6a36d3c,СВИНИНА лопатка отруб без голяшки без кости с/м вес 23 кг Мясторг,meat.pork,0.3,meat.pork
64400bf1-5ef5-4351-ab36-6ad4352000a2,СВИНИНА мясные блоки из свинины шпик обрезной с/м вес 21 кг. Черкизово,meat.pork,0.3,meat.pork
fc4d7782-4a39-47e5-9254-a0bb51dafa45,СВИНИНА окорок без кости с/м вес 9 кг. Семидаль,meat.pork,0.3,meat.pork
27ce3eb6-b6f0-4db1-8fa9-bf39a7d240e4,"СВИНИНА окорок без кости с/м вес 9,5 кг. Черкизово",meat.pork,0.3,meat.pork
97301388-5543-48c5-bab9-c102ff95719a,СВИНИНА окорок бескостный с/м вес 9 кг Агроэко,meat.pork,0.3,meat.pork
df0827ac-f6a7-458f-8173-f0b90120a6f0,СВИНИНА шея с/м вес 3 кг. Черкизово,meat.pork,0.3,meat.pork
1234a770-c6a0-4f16-b580-7bd7edb4b48e,"СЫР сливочный 45% вес 4,5 кг. NATURA",dairy.сыр,0.3,dairy.сыр
ce219c6c-cb9d-48bf-9d15-469bd1ac10e8,"СЫР Тильзитер 45% вес 4,5 кг. NATURA",dairy.сыр,0.3,dairy.сыр
1958d3ed-201b-497a-aba4-8f36922628dc,СЫР Тильзитер 45% вес 5 кг. Чизагро,dairy.сыр,0.3,dairy.сыр
a5c097e1-078b-49fe-b4f1-6638d90f2047,СЫР Бри 60% 125 гр. NATURA SELECTION,dairy.сыр,0.3,dairy.сыр
5c05dee6-c1a0-4914-8288-00dae6c58a54,СЫР Горгонзола вес 750 гр.-1 кг.,dairy.сыр,0.3,dairy.сыр
5ff8e4c2-b1a4-41bb-b42c-7be16e53edd8,СЫР Дор Блю по-итальянски с благородной плесенью 50% вес 750 гр. -1 кг.,dairy.сыр,0.3,dairy.сыр
23947305-f0ee-424b-b5f0-817e653ebbf9,СЫР Камамбер 50% 125 гр. NATURA SELECTION,dairy.сыр,0.3,dairy.сыр
d2e163d2-517a-4f73-8f8b-04ad9a661753,СЫР с голубой благородной плесенью 50% 100 гр. Natura SELECTION,dairy.сыр,0.3,dairy.сыр
c595418c-917f-4872-ac98-37b0303b0f10,"СЫР с голубой благородной плесенью 55% вес 2,6 кг. TM TEMPLIER",dairy.сыр,0.3,dairy.сыр
73660279-cc56-4aff-ae5c-40243614033d,СЫР с голубой благородной плесенью Danablu 50% вес 1 кг. NATURA SELECTION,dairy.сыр,0.3,dairy.сыр
cabcdabd-d647-418e-9549-b635c216bb5d,СЫР мягкий в рассоле 480 гр. (сухой вес 400 гр.) Hochland Professional,dairy.сыр,0.3,dairy.сыр
d3eef53f-93c8-4164-9c12-b5d09cad0210,СЫР Гауда 45% вес 5 кг. Навруз,dairy.сыр,0.3,dairy.сыр
024d7b0c-95a6-4b5e-adad-942cdbe57a4b,СЫР Гауда 45% вес 5 кг. Чизагро,dairy.сыр,0.3,dairy.сыр
5e43325e-eea4-4485-b452-74cd585152d3,"СЫР Гойя 40% вес 5,4 кг. La Paulina",dairy.сыр,0.3,dairy.сыр
5121bede-c5f2-407f-b46b-e768e06e3d4c,"СЫР Маасдам 45% вес 4,7 кг. Ичалки",dairy.сыр,0.3,dairy.сыр
245ed67e-e247-45e0-84ac-2409cb8b810e,СЫР твердый Палермо 40% (срок созревания 12 месяцев) вес 3 кг.,dairy.сыр,0.3,dairy.сыр
681cd59c-cb58-48d1-9f2b-055ccb771001,СЫР твердый Палермо 40% (срок созревания 6 месяцев) вес 3 кг.,dairy.сыр,0.3,dairy.сыр
2e5bb95e-6ba7-4a72-9197-315a1b7ee261,СЫР твердый Палермо 40% крошка (срок созревания 6 месяцев) 300 гр. PALERMO,dairy.сыр,0.3,dairy.сыр
a83d1670-d48a-4752-a39e-c9d2a88b1426,"СЫР твердый Парменте 48% (срок созревания 12 месяцев) вес 1,5 кг.",dairy.сыр,0.3,dairy.сыр
e1cdebb9-56b3-42e8-89c0-073536654864,СЫР Кремчиз 70% 11 кг. CooКing,dairy.сыр,0.3,dairy.сыр
5421ca36-895a-429e-a07d-c77c05ef9039,СЫР Маскарпоне 83% 500 гр. CooКing,dairy.сыр,0.3,dairy.сыр
0bb66b01-e0b0-4aae-b0c3-eeb63810356a,"СЫР мягкий сливочный ""Белый соус для пиццы"" с массовой долей жира в сухом веществе 70% 2 кг. СооKing",condiments.sauce,0.3,condiments.sauce
3142fce7-9596-4b68-bd9e-85c13269b79b,СЫР сливочный мягкий 2 кг. Natura Pro,dairy.сыр,0.3,dairy.сыр
d7f864a8-0410-4e30-ba7b-886577ad0e30,СЫР сливочный мягкий Bake’n’roll 2 кг. NATURA PRO,dairy.сыр,0.3,dairy.сыр
7af32ceb-42bd-4485-a5f2-de7bd6c9c12c,"СЫР творожный 62% ведро 3,3 кг. Милетто",dairy.сыр,0.3,dairy.сыр
144ffaf9-7ecc-4ce1-89d8-9a951a97a214,СЫР творожный 65% 1 кг. FriendChef,dairy.сыр,0.3,dairy.сыр
2231deb3-4195-47ab-888f-fb72d89887a4,СЫР творожный Cremette Professional 65% 1 кг. Hochland,dairy.сыр,0.3,dairy.сыр
816c4fd8-ae89-40bb-89b4-e0b8a1bb89fd,"СЫР творожный Cremette Professional 65% 2,2 кг. Hochland",dairy.сыр,0.3,dairy.сыр
95d4ed39-d21c-4329-9e09-0e4226e5b434,СЫР творожный Cremette Professional 65% ведро 10 кг. Hochland,dairy.сыр,0.3,dairy.сыр
2f439551-27cc-474a-a85b-209889d2eaa2,"СЫР творожный сливочный ""Лабне"" 55% ведро 1 кг. Чудское озеро",dairy.сыр,0.3,dairy.сыр
cacdab03-3792-4b31-906a-bcd324be34bd,"СЫР творожный 70% 2,2 кг. PROFI CHEESE",dairy.сыр,0.3,dairy.сыр
6c04fd88-1ff1-4996-aea3-1eefe92a4bdb,"СЫР творожный 70% 5,5 кг. PROFI CHEESE",dairy.сыр,0.3,dairy.сыр
593ca1a2-8e9b-416c-aa04-c80323b0510e,КУРИЦА окорок на кости без хребта с/м вес 13 кг. Черкизово,meat.chicken,0.3,meat.chicken
a35e94fb-40c9-45e8-9542-ced35affedf3,КУРИЦА тушка без кости для шавермы с/м вес 10 кг. Ленинград,meat.chicken,0.3,meat.chicken
71a13043-8038-45b9-a54f-acaa40066546,"КУРИЦА тушка с/м вес 1,6 кг. Приосколье",meat.chicken,0.3,meat.chicken
adf08ca1-8a4d-455d-b7c4-90fd78d0e838,"КУРИЦА тушка ЦБ с/м вес 1,3 кг. (10 калибр) Приосколье",meat.chicken,0.3,meat.chicken
17781eb8-e0aa-4fb9-b0b2-f89275ea87ad,ПЕЧЕНЬ куриная с/м вес 1 кг. Павловская ПФ,meat.chicken,0.3,meat.chicken
3212d563-fc6f-4be1-87ed-092da0be77f2,СЛИВКИ для соуса ультрапастеризованные 23% 500 гр. Parmalat,condiments.sauce,0.3,condiments.sauce
88423cec-f877-4f4f-a543-030faa791589,КРЕМ комбинированный на растительных маслах с добавлением молочного жира 33% 1 л. Сreamart,condiments.sauce,0.3,condiments.sauce
fd6bc7de-6704-4849-9418-39e67a6a2a6e,КРЕМ на растительных маслах 20 % 1 л. Сreamart,condiments.sauce,0.3,condiments.sauce
8ae41049-79bc-442e-8bec-a70778a80480,КРЕМ на растительных маслах de Chantilly 27% 1 л. Соблазн,condiments.sauce,0.3,condiments.sauce
e4cf552c-b41c-4bcc-bf9a-9a2316b45573,КРЕМ на растительных маслах Diamond 26% 1 л. Соблазн,condiments.sauce,0.3,condiments.sauce
cc637903-2ff9-4fee-bcbd-eb8fbe5a6882,"СМЕСЬ жидкая для молочного мороженого ультрапастеризованная 4,8% 1 л. Чудское Озеро",condiments.spice,0.3,condiments.spice
74362974-8242-4fac-9237-12c0a470b471,НАПИТОК кисломолочный 1% Абрикос 930 гр. ДЛЯ ВСЕЙ СЕМЬИ,canned.фрукты,0.3,canned.фрукты
276d26fd-561c-4496-a129-9fa22ce6e193,"ПРОДУКТ со вкусом сыра Токио 3,3 кг. Bakery Mix",dairy.сыр,0.3,dairy.сыр
ed82c8fa-4dab-4277-98d0-6ac3db6f6774,"СПРЕД растительно-жировой 82,5% вес 10 кг.",dairy.сыр,0.3,dairy.сыр
b6502b79-761d-4a52-9750-b98ba47519d7,ЛЕЙЗ Сыр 70 гр.,dairy.сыр,0.3,dairy.сыр
1fbadda9-5cc7-4a19-a13b-b4de51969410,БАТОНЧИК 50 гр. Mars,seafood.shrimp,0.3,seafood.shrimp
0692e9f8-48de-4ce4-a030-ecaabb9562e3,БАТОНЧИК 6*32*55 гр. Bounty Everest,seafood.shrimp,0.3,seafood.shrimp
30d252b1-b51d-4bc0-84a8-526d81b8a764,БАТОНЧИК Everest 26 гр. Milky Way,seafood.shrimp,0.3,seafood.shrimp
edef6dac-1d5c-411b-9b3b-16ca899d19d9,БАТОНЧИК Лесной орех Everes 5*32*81г,condiments.spice,0.3,condiments.spice
73a00120-99eb-46cb-ab1a-fff90c9e1b74,БАНКА круглая прозрачная 360 мл (d112 мм) 1 кор/400 шт. Перинт,condiments.spice,0.3,condiments.spice
4ad0d924-b5c7-425e-84bf-e9905c946f4c,БАНКА круглая прозрачная 500 мл (d112 мм) 1 кор/400 шт. Перинт,condiments.spice,0.3,condiments.spice
8d931a9c-2f33-4e71-b7b4-8171996fd3ab,СОУСНИК 30 мл 1 блок/80 шт. Покровский полимер,condiments.sauce,0.3,condiments.sauce
929afbd9-1ede-49fb-8495-dc696caf0b3c,СОУСНИК 50 мл 1 блок/80 шт. Покровский полимер,condiments.sauce,0.3,condiments.sauce
90543220-b9c3-4e3f-992d-49c209aa73cd,СОУСНИК 80 мл 1 блок/80 шт. Покровский полимер,condiments.sauce,0.3,condiments.sauce
9e0d7a92-ab3a-46ac-a84e-ef29b1dfbfcc,"ПОЛОТНО вафельное отбелённое 0,45*60 м 125 г/м 1 шт.",condiments.sauce,0.3,condiments.sauce
f874f7f0-3171-4ac5-aa31-bc55978a3637,МОЧАЛКА губка из стали maxi Т023 30 гр*1 шт. Textop,disposables.napkins,0.3,disposables.napkins
43d3676e-361a-4855-bf41-4b4b8594b502,"Картофель Айдахо со специями 2,5кг",condiments.spice,0.3,condiments.spice
e204ac20-abb3-4772-8630-a3446c0e9302,Компотная смесь см,condiments.spice,0.3,condiments.spice
2cc83bf5-6b7f-46af-bff4-5f9045e2500e,Смесь овощная мексиканская см вес,condiments.spice,0.3,condiments.spice
82cd2432-afc7-488a-b608-1221db6df710,Джем Абрикосовый 900гр/4шт,canned.фрукты,0.3,canned.фрукты
794e7515-ae84-4eb2-b4b6-5536efa385f9,Конфитюр абрикос 5кг ведро,canned.фрукты,0.3,canned.фрукты
72c82c86-9a64-4082-af31-693289c933cc,Горбуша конс.Балт-Фиш кус. 240гр,seafood.salmon,0.3,seafood.salmon
5f7161bb-8a01-4c89-91b8-a003eb9b6cb1,Соус Glaze темный бальзамный 500гр,condiments.sauce,0.3,condiments.sauce
f61b295f-605a-4a9f-8716-2e5a11b94cdf,Сыр Бри ТМ Alti 60% 125гр,dairy.сыр,0.3,dairy.сыр
2f128458-1163-4187-b1ad-b520849cb269,Сыр блю чиз с гол/ плесенью 50% 100 гр,dairy.сыр,0.3,dairy.сыр
fc0cae7e-faf6-4766-b1c1-ed26e80d199b,Сыр Гранд блю с голубой плесенью 56% 100гр,dairy.сыр,0.3,dairy.сыр
0b8a4d5d-3a42-4b0e-a5c4-a7ca6082e2f2,Сыр косичка копченая вес,dairy.сыр,0.3,dairy.сыр
22e68f6b-51f5-44ff-a18e-8931707fb3ed,Сыр маскарпоне Bonfesto 70% 500г,dairy.сыр,0.3,dairy.сыр
43e26ec4-b3e0-47fd-a158-0307cb27a477,Сыр мягкий кавказский 45% Стародуб,dairy.сыр,0.3,dairy.сыр
44332a8c-f394-4fd2-a9fc-a42f078f99f5,Сыр сиртаки синяя 55% 330гр,dairy.сыр,0.3,dairy.сыр
6d997548-e6ab-4e56-be73-5666deb0b636,"Сыр творожный Креметте 2,2кг",dairy.сыр,0.3,dairy.сыр
59de7a98-195e-4997-b1ba-7e5c29708573,Сыр мягкий Natura Professional 65% 2кг ведро,dairy.сыр,0.3,dairy.сыр
9b86bb84-4ca7-4f5e-8097-80ff26cb6aea,Сыр тофу 500гр,dairy.сыр,0.3,dairy.сыр
50c5459b-17b1-4111-8baf-f396431a1c46,Творожный продукт  деревеское подворье 9% 5 кг,dairy.сыр,0.3,dairy.сыр
0eb9e713-7a1c-4d25-8662-34053dc32cd7,Мука Кирова 50 кг,staples.мука,0.3,staples.мука
240fb01a-a1ab-4b5c-ab8c-0d7cabb099db,Мука макфа 2 кг,staples.мука,0.3,staples.мука
a25bac23-2117-4119-97f2-f0bd57cef2a6,Мука лимак в/с 2кг,staples.мука,0.3,staples.мука
14c50f46-48ee-4415-a486-9ce17dc6f451,Мука предпортовая 10кг.,staples.мука,0.3,staples.мука
cf0f798c-4496-4cb8-8ad1-585b32d01dd5,Мука предпортовая 2кг,staples.мука,0.3,staples.мука
6beaf43d-4525-43bc-9de1-f8692e6612eb,Говядина КНАКЛ б/к зам.Гост,meat.beef,0.3,meat.beef
fcb97097-77b4-4fcd-ab7a-32068bccc8f5,Говядина лопатка б/к зам. вес Россия,meat.beef,0.3,meat.beef
c433276c-24ff-4de9-94eb-9ef2c4fd2ee2,Куриная печень,meat.chicken,0.3,meat.chicken
2c53503a-1a3c-4103-a9d1-798be53b7435,Свинина вырезка зам,meat.pork,0.3,meat.pork
8c22bf0a-b8c7-4553-af4a-a815b42720f6,Компотная смесь (сушеная),condiments.spice,0.3,condiments.spice
5b967373-e4de-4f6c-ad06-cdbe3c331b5a,Компотная смесь Экстра вес (сушеная),condiments.spice,0.3,condiments.spice
cd5488e2-e53f-444a-969a-9d9c9d7910ad,Орех Макадамия очищеный,condiments.spice,0.3,condiments.spice
5f70b7fd-bc11-4fd0-9a29-a784023a9375,Орех Пекан вес,condiments.spice,0.3,condiments.spice
ac20043e-fb46-442a-bed6-add43d1a2f59,Ванилин 1кг,condiments.spice,0.3,condiments.spice
bfd280d0-4354-49d2-8e39-d5be85461a0a,Гвоздика сушеная целая вес,condiments.spice,0.3,condiments.spice
3837bb43-07e1-478a-aa18-f1c42087dddf,Кардамон Молотый Ем Специи 400гр банка,condiments.spice,0.3,condiments.spice
42254a1f-b588-46a0-9c99-b6a1cf6c0b56,Кардамон целый (зерно) вес,condiments.spice,0.3,condiments.spice
8404095c-da65-4ae7-8802-1f53526bf0a4,Карри ЕМ Специи 400гр,condiments.spice,0.3,condiments.spice
3f49dbc3-700b-467f-a39f-1262529a9965,Корица молотая вес,condiments.spice,0.3,condiments.spice
65cfcccb-4711-43a9-894b-793c37d7b442,Корица молотая ЕМ специи 400гр,condiments.spice,0.3,condiments.spice
0c925085-fff8-49d2-aa62-02a6105ec109,Корица палочки кг,condiments.spice,0.3,condiments.spice
bdf18fd9-9e51-41b2-8adf-ef170eac6961,Корица палочки ЕМ Специи 250гр банка,condiments.spice,0.3,condiments.spice
24edacc9-03cf-4335-ba0e-858afd0e3e59,Лавровый лист вес,condiments.spice,0.3,condiments.spice
3a2d3b78-6de7-47d0-bc6a-5952535ffdfe,Смесь пять перцев дробленная,condiments.spice,0.3,condiments.spice
fab2aee6-87b8-41bb-99aa-6bc309e1b8db,Смесь пять перцев вес,condiments.spice,0.3,condiments.spice
383c5530-34aa-4bf7-a36a-469158462639,Смесь пять перцев дробленная ЕМ специи 500гр банка,condiments.spice,0.3,condiments.spice
9a487ec8-3c30-4cd3-9cd4-59e9ffd26604,Хмели Сунели вес,condiments.spice,0.3,condiments.spice
2113d51f-e6f2-430c-9498-a57416e15498,Уцко-Сунели вес,condiments.spice,0.3,condiments.spice
6b1ccd6d-4b0f-4cb3-aa33-310cf58e8cd3,Чеснок сушеный гранул. 500гр ЕМ Специи Банк,condiments.spice,0.3,condiments.spice
1892c7cf-279e-4f06-8996-99a19da47aaa,Лосось тушка охл.( 3-4 ) Мурманск,seafood.salmon,0.3,seafood.salmon
cf652e4e-bc0d-4671-9b2e-5f3819f8aa2f,Соус Горчичный Эфкофуд 22% 1кг,condiments.sauce,0.3,condiments.sauce
09de958a-d014-42a6-89b5-12cb6c4d96c7,Соус Наршараб 400гр,condiments.sauce,0.3,condiments.sauce
165f1bd1-c96f-4b17-8800-e5bd7285730c,"Соус ореховый Мидори 1,5л",condiments.sauce,0.3,condiments.sauce
55e4b339-1c35-480e-b857-1bd9773216b7,Соус рыбный 700мл Арой-Д,condiments.sauce,0.3,condiments.sauce
db6f358a-9a08-42e8-851b-a4d62d59d867,"Соус Унаги Mitsurican 1,8л",condiments.sauce,0.3,condiments.sauce
df56f2f5-99e8-433b-9f63-0187c44a6edb,Соус устричный Pearl R/Bridge 510гр,condiments.sauce,0.3,condiments.sauce
4e29a823-5413-491f-84f6-667164e737d7,Батон нарезной,dairy.сыр,0.3,dairy.сыр
54662ff1-af13-4f23-aef0-22ad40997a11,Фенхель,condiments.spice,0.3,condiments.spice
e38a5d48-9af5-47fa-af41-5329ebd4b27e,Айва,condiments.sauce,0.3,condiments.sauce
2ea2431b-c032-4645-8f6f-315d16b509a6,Чеснок соленый /0.5 кг,condiments.spice,0.3,condiments.spice
6e06ab02-370d-4f6b-a45a-f33ca97b628c,Чеснок (1) кг,condiments.spice,0.3,condiments.spice
b216d828-113f-4e2d-bbdb-66058eeaad50,"КАРТОФЕЛЬ дольки с кожурой со специями 2,5 кг, WE FRY, РОССИЯ",condiments.spice,0.3,condiments.spice
517a0f8e-b1df-457e-add5-199d35743640,"КАРТОФЕЛЬ дольки с кожурой со специями 2,5 кг, ТРИУМФ, РОССИЯ",condiments.spice,0.3,condiments.spice
5e447cfa-d410-4be6-b1df-7f26f2484395,"СОУС Голландский 1,7 кг, КНОРР, РОССИЯ",condiments.sauce,0.3,condiments.sauce
0d8ef1c9-6c99-41eb-a886-b84b364cc1eb,"КУРИЦА бройлер тушка ~1,2 кг, ПРИОСКОЛЬЕ, РОССИЯ",meat.chicken,0.3,meat.chicken
09c85123-a958-43cf-abcc-fd5d2a439461,"КУРИЦА бройлер тушка ~1,8 кг, ПРИОСКОЛЬЕ, РОССИЯ",meat.chicken,0.3,meat.chicken
c1520c9e-2a84-40f9-afd7-d52ccd4f4f77,"КУРИЦА бройлер тушка ~1,6-2,0 кг, КУРИНОЕ ЦАРСТВО, РОССИЯ",meat.chicken,0.3,meat.chicken
8e30b2be-2de8-4914-ae09-0a00052e557a,"ГОВЯДИНА лопатка Халяль I, ВАХАВЯК ПЛЮС, БЕЛАРУСЬ",meat.beef,0.3,meat.beef
26cb1242-f965-452a-abe5-65c0c185215f,"ГОВЯДИНА лопатка (без голяшки) Халяль ~6 кг, АЛЕКСАНДРОВ, БЕЛАРУСЬ",meat.beef,0.3,meat.beef
8eb28022-541b-483d-a015-3905c9f80c05,"ГОВЯДИНА лопатка I, ФЛАГМАН, РОССИЯ",meat.beef,0.3,meat.beef
74f914ed-748e-4c60-be1e-60b6f620099f,"СЕМГА свежемороженая с головой 5-6 кг качество сырья PREMIUM, ЧИЛИ",dairy.сыр,0.3,dairy.сыр
1ee0a194-e77b-4478-85d1-08703530028a,"СЕМГА свежемороженая с головой 6-7 кг качество сырья PREMIUM, ЧИЛИ",dairy.сыр,0.3,dairy.сыр
44ace855-baab-4b99-904c-037818623276,"СЫР Маскарпоне 83% 500 г,COOKING,БЕЛАРУСЬ (-FP-)",dairy.сыр,0.3,dairy.сыр
bbf4b16a-da9a-4815-ba47-f543fc34212f,"СВИНИНА Прошутто сыровяленая 2 кг, SD, РОССИЯ",meat.pork,0.3,meat.pork
e78ecb51-2012-44ad-86c4-5cab3a6f7663,"НАЧИНКА термостабильная Toffee D'or карамельная 5 кг, IRCA, ИТАЛИЯ",beverages.cola,0.3,beverages.cola
635b3518-aefe-4953-a9dd-457052edac1c,"ЗАГУСТИТЕЛЬ для термостойких начинок Trim 1 кг  IRCA, ИТАЛИЯ",beverages.cola,0.3,beverages.cola
863eef1b-688f-4198-8942-9dbdd957617b,"СПЕЦИИ прованские травы сушеные 270 г/1200 мл пэт, KOTANYI, АВСТРИЯ",condiments.spice,0.3,condiments.spice
d73f6bd2-ce4c-4336-87e0-8059aabf2c59,"СПЕЦИИ хмели-сунели 450 г/1200 мл, KOTANYI, АВСТРИЯ (-С-)",condiments.spice,0.3,condiments.spice
96ef4c4b-2330-41d6-a5f6-f2e677f499e4,"ГОВЯДИНА щековина 2,5-3,0 кг пакет, ТМК, РОССИЯ",meat.beef,0.3,meat.beef
3ab4ee50-f90c-498d-89c8-ac99b1982bdc,"СЫР Рикотта 50% 500 г,COOKING,БЕЛАРУСЬ (-P-)",dairy.сыр,0.3,dairy.сыр
3104a27b-acae-4227-96d6-524dc14c3a9e,"СВИНИНА вырезка I, ВСЕВОЛОЖСКИЙ МК, РОССИЯ",meat.pork,0.3,meat.pork
0967e867-0572-4075-8d1f-d2b05307f6b0,"СВИНИНА вырезка, ЧЕРКИЗОВО, РОССИЯ",meat.pork,0.3,meat.pork
41435858-48d0-42ca-b1f6-9df48743c5be,"СВИНИНА окорок I, ВСЕВОЛОЖСКИЙ МК, РОССИЯ",meat.pork,0.3,meat.pork
9bd54571-2300-4603-a52e-dc279ae78559,"СВИНИНА задняя рулька на кости на шкуре 1,1-1,3 кг,РОССИЯ (-C-)",meat.pork,0.3,meat.pork
24f24f5f-c42c-4c71-b9e1-8274aea84e13,"СОСИСКИ Сочные замороженные курица 10 шт х75 г вакуумная упаковка, РЕМИТ, РОССИЯ (-C-)",meat.chicken,0.3,meat.chicken
dae2d374-d8bc-4018-b742-3f90c04b01df,"СОСИСКИ для хот-догов замороженные говядина 10 шт х75 г вакуумная упаковка, РЕМИТ, РОССИЯ (-C-)",meat.beef,0.3,meat.beef
ddeb0d35-7cac-4e41-bac7-5354a2897319,"СОУС для пиццы со специями 4100 г/4250 мл, COOK_ME PRO, ИТАЛИЯ (-F-)",condiments.sauce,0.3,condiments.sauce
2207682d-0295-4437-b3d2-2a6f93410c1b,"СОУС для пиццы Классичеcкий 4100 г/4250 мл, COOK_ME PRO, ИТАЛИЯ (-F-)",condiments.sauce,0.3,condiments.sauce
f695ddf7-dc2d-49c8-a808-99bb7604d3ac,"СОУС Мирин 20 л, ДУНКАН, РОССИЯ",condiments.sauce,0.3,condiments.sauce
a9175fed-f733-4aee-b851-2c1f3723d229,"СОУС орехово-кунжутный 1,5 л, TAMAKI, РОССИЯ",condiments.sauce,0.3,condiments.sauce
74629e91-d98e-4ec2-875c-71b8dfe84172,"СОУС кунжутный 1 л, TAMAKI, РОССИЯ",condiments.sauce,0.3,condiments.sauce
5249a77c-54ac-499d-83f1-c92cdb540b62,"СОУС рыбный 0,7 л, AROY-D, ТАИЛАНД",condiments.sauce,0.3,condiments.sauce
05c31472-aa9a-4a29-a7a3-71f968dc2bd9,"СОУС Тобанджан 1 кг, NANTONG, КИТАЙ",condiments.sauce,0.3,condiments.sauce
c288f6d0-43d3-4ef0-948a-10627c8ec1fd,"СОУС Унаги 1,8 л, HOKI, РОССИЯ",condiments.sauce,0.3,condiments.sauce
dd0ab1b5-21b8-403d-909e-7fb5e32f6379,"СОУС Унаги 1,8 л, TAMAKI, РОССИЯ",condiments.sauce,0.3,condiments.sauce
da67a051-a57c-4cbb-a544-96ddd4b48f09,"СОУС устричный 510 г, PRB, КИТАЙ",condiments.sauce,0.3,condiments.sauce
8c65690f-afa2-4cc3-9447-b7065780a6be,"СОУС Шрирача 815 г/740 мл, UNI-EAGLE, ТАИЛАНД",condiments.sauce,0.3,condiments.sauce
27301ab3-4fff-4e7a-b0d5-c3f562de7523,"СОУС Шрирача 475 г/430 мл, UNI-EAGLE, ТАИЛАНД",condiments.sauce,0.3,condiments.sauce
be90fca6-d8f4-4059-885b-71b0deb689e0,"СОУС Шрирача 484 г/440 мл, CRYING THAIGER, ТАИЛАНД",condiments.sauce,0.3,condiments.sauce
c2e0e8a5-4593-4adf-9793-5943e2446694,"СОУС Шрирача 470 мл, TAMAKI, РОССИЯ",condiments.sauce,0.3,condiments.sauce
e2210444-ec12-4d89-b875-19aacfd8463f,"СОУС ШАПКА ЯКИ для роллов 72%. FOOD MATIK, РОССИЯ",condiments.sauce,0.3,condiments.sauce
89422395-4ffe-46e7-b235-c07d499304bc,"СОУС Спайси 1 л, TAMAKI, РОССИЯ",condiments.sauce,0.3,condiments.sauce
493e1d2f-52cf-4a4d-836a-70003906de2a,"СОУС Пад Тай 840 г, СЕН СОЙ, РОССИЯ",condiments.sauce,0.3,condiments.sauce
be702791-c290-4564-a2c3-217319aff203,"СОУС барбекью острый 125 шт х25 г дип-пот, PIKADOR, РОССИЯ",condiments.sauce,0.3,condiments.sauce
c2ea9eab-c8ca-451f-b272-297aaf145203,"СОУС горчичный 25 мл дип-пот, HEINZ, РОССИЯ",condiments.sauce,0.3,condiments.sauce
5c66030e-6bb1-4bdd-a40a-b234e4017777,"СОУС Тысяча островов 25 мл дип-пот, HEINZ, РОССИЯ",condiments.sauce,0.3,condiments.sauce
67eb1819-ba67-47e6-96c6-87d22c6a2333,"СОУС чесночный 25 мл дип-пот,HEINZ,РОССИЯ",condiments.sauce,0.3,condiments.sauce
f5e0afbc-e8f1-4b79-9640-fc2c31426e21,"СОУС барбекью 1 кг, PIKADOR, РОССИЯ",condiments.sauce,0.3,condiments.sauce
d651b7c6-4840-4d1d-91c5-071c7516e754,"СОУС растительный горчичный 30% 1 кг балк, HI, РОССИЯ (-C-)",condiments.sauce,0.3,condiments.sauce
3116c754-1e55-4cc0-8ab0-251646aa5214,"СОУС горчичный 700 г балк, HEINZ, РОССИЯ (-F-)",condiments.sauce,0.3,condiments.sauce
9c3fd04b-6f5e-4476-8caf-f464ecd04cd6,"СОУС горчичный 2 кг балк с коннектором,HEINZ,РОССИЯ",condiments.sauce,0.3,condiments.sauce
f058e256-39b0-42ae-9879-18ce2ad23b4d,"СОУС медово-горчичный 1 кг, ХЕЛЛМАННС, РОССИЯ",condiments.sauce,0.3,condiments.sauce
42658b15-a4a5-4bcd-a5a2-d70100194076,"СОУС медово-горчичный 1 кг балк,ПИКАНТЬЕ,РОССИЯ (-C-)",condiments.sauce,0.3,condiments.sauce
6ad65870-2fd1-43d3-b027-a6cf13ab1966,"СОУС Сальса жгучий 1 кг балк,HEINZ,РОССИЯ",condiments.sauce,0.3,condiments.sauce
305b1602-a04f-4bdf-aea4-59c455641f65,"СОУС сливочная база Professional 1,5 кг, KNORR, РОССИЯ",condiments.sauce,0.3,condiments.sauce
e007f863-3202-421d-9b57-7661f7c968fa,"СОУС Тысяча островов 1 кг балк,HEINZ,РОССИЯ",condiments.sauce,0.3,condiments.sauce
5b812700-e08c-40b8-9917-e505fa45e688,"СОУС Чеддер 1 кг, ГУРМИКС, РОССИЯ",condiments.sauce,0.3,condiments.sauce
2fe91db6-b810-4baf-a7b7-1921d1f42384,"СОУС чесночный на основе растительных масел 1 кг, PIKADOR, РОССИЯ",condiments.sauce,0.3,condiments.sauce
33493899-a5ea-4784-af0b-db4249dd7fa4,"СОУС сливочный на основе творожного сыра 50% 1 кг балк, HOCHLAND PROFESSIONAL, РОССИЯ",condiments.sauce,0.3,condiments.sauce
2dfbfe3e-cb40-4998-bdad-405850a4465e,"СПЕЦИИ корица целая 350 г/1200 мл пэт, KOTANYI, АВСТРИЯ (-C-)",condiments.spice,0.3,condiments.spice
aa17fba6-28e6-47c7-99ac-d696d17b9bfa,"СПЕЦИИ лук жареный 1 кг, COOK_ME, ТУРЦИЯ",condiments.spice,0.3,condiments.spice
ee51a874-dc5f-4b17-803d-05ccf54ab640,"СПЕЦИИ лук жареный 1 кг,KOTANYI,АВСТРИЯ (-F-)",condiments.spice,0.3,condiments.spice
9e67eb9e-d4e5-4200-a309-11747bafbcae,"СПЕЦИИ лук жареный 1 кг, ИНДИЯ (-C-)",condiments.spice,0.3,condiments.spice
8af5ea0d-5df2-4218-a4de-ba1b28ca9203,"ГОВЯДИНА толстый край (антрекот) Халяль I, ВАХАВЯК ПЛЮС, БЕЛАРУСЬ",meat.beef,0.3,meat.beef
4cc59044-ee83-411d-9a5e-7a1c3dfe164f,"ГОВЯДИНА язык ~15 кг индивидуальная упаковка, OFFAL 4407, АРГЕНТИНА",meat.beef,0.3,meat.beef
5c7da05b-303e-4e35-999b-f21c653b8642,"КУРИЦА печень I на подложке, БЛАГОЯР, РОССИЯ (-C-)",meat.chicken,0.3,meat.chicken
3d8429f4-a3cb-45e4-8c78-b04064775577,"ГОВЯДИНА кость кулачковая, МЯСНАЯ ДИНАСТИЯ, РОССИЯ (-C-)",meat.beef,0.3,meat.beef
d0552624-ce2d-485f-80af-e54f5b9b4c7d,"СЫР Гауда 40% 2,6 кг, БАСНИ О СЫРЕ, БЕЛАРУСЬ",dairy.сыр,0.3,dairy.сыр
533b5319-16f3-49cc-b62b-f1e245461d32,"СЫР Гауда 45% ~4 кг, РОГАЧЕВ, БЕЛАРУСЬ (-F-)",dairy.сыр,0.3,dairy.сыр
3f52a13f-9438-48d3-8aa9-12854b2ed87d,"СЫР Камамбер с белой плесенью 50% 125 г, COOK_ME PRO, РОССИЯ",dairy.сыр,0.3,dairy.сыр
fb8f8e22-4ba3-4faa-9361-14178d6a4f88,"СЫР с голубой плесенью Рокфорини 50% ~3 кг, РОССИЯ",dairy.сыр,0.3,dairy.сыр
73d63422-3ba2-4f1c-968d-1f75f6c2b321,"СЫР Grand Blue сливочный с голубой плесенью 56% 2,6 кг,MILKANA,АРГЕНТИНА",dairy.сыр,0.3,dairy.сыр
0be17c39-eb2e-4fce-bf10-8f6616674efa,"СЫР с голубой плесенью 50% 100 г, MONBLU, РОССИЯ",dairy.сыр,0.3,dairy.сыр
78b4c239-ae49-456e-9f8c-3abbfb1c852e,"СЫР творожный сливочный 65% 10,5 кг, САВУШКИН, БЕЛАРУСЬ",dairy.сыр,0.3,dairy.сыр
7935ed26-f46f-4341-99c6-0001e3be9f01,"СЫР творожный сливочный 65% 10 кг, МИЛЕТТО, РОССИЯ",dairy.сыр,0.3,dairy.сыр
a76052d7-9ff6-4ae1-a594-c05b2fc7a78d,"СЫР Кремчиз сливочный мягкий 70% 11 кг,COOKING,БЕЛАРУСЬ (-FP-)",dairy.сыр,0.3,dairy.сыр
f47b7106-9c30-43ae-99fc-5c6911aab716,"СЫР Кремчиз сливочный мягкий 70% 2,25 кг,COOKING,БЕЛАРУСЬ (-FP-)",dairy.сыр,0.3,dairy.сыр
d2fc776b-2376-470d-b664-d86422166d69,"СЫР Кремчиз сливочный мягкий 70% 500 г,COOKING,БЕЛАРУСЬ (-FP-)",dairy.сыр,0.3,dairy.сыр
44b9d329-f2f9-41e9-b97f-f7af80355de4,"СЫР Креметте Professional творожный 65% 10 кг,CREMETTE PROFESSIONAL,РОССИЯ (-FP-)",dairy.сыр,0.3,dairy.сыр
d6071db6-51f1-4d5e-b555-d571a5169fe5,"СЫР Креметте Professional творожный 65% 1 кг, CREMETTE PROFESSIONAL, РОССИЯ (-F-)",dairy.сыр,0.3,dairy.сыр
d97cbbeb-ec84-4817-b07d-cf99cf299682,"СЫР Креметте Professional творожный 65% 2,2 кг, CREMETTE PROFESSIONAL, РОССИЯ",dairy.сыр,0.3,dairy.сыр
895b5102-829c-492b-a705-bfc2aa44bdb9,"СЫР творожный сливочный 60% 1,1 кг, LACTICA, РОССИЯ (-F-)",dairy.сыр,0.3,dairy.сыр
b9614898-55a8-4792-a5af-ea97138ab58f,"СЫР творожный сливочный 65% 1 кг, FRIENDCHEF, РОССИЯ",dairy.сыр,0.3,dairy.сыр
82266c1e-bdba-4a5c-9ed7-3a62dba03fb5,"СЫР творожный сливочный 65% 2,4 кг, САВУШКИН, БЕЛАРУСЬ",dairy.сыр,0.3,dairy.сыр
f2e22cde-16d0-4bba-bbe8-75910c789438,"СЫР творожный сливочный 65% 3,3 кг, МИЛЕТТО, РОССИЯ",dairy.сыр,0.3,dairy.сыр
62bfe83b-f1d4-48d0-bb24-81b320977f6c,"СЫР творожный сливочный 69% 6 кг, SABAH, ИРАН",dairy.сыр,0.3,dairy.сыр
aefb5406-8949-4b1a-b128-8360ce894aa6,"СЫР творожный сливочный 69% 1,5 кг, SABAH, ИРАН",dairy.сыр,0.3,dairy.сыр
73fd0ef2-300c-4c96-a2d5-d9972db446ae,"СЫР творожный LaCreme 65% 2,2 кг, ЭКОМИЛК, РОССИЯ",dairy.сыр,0.3,dairy.сыр
7ef6d9df-3441-49d9-97c5-c6f846f94d05,"СЫР творожный сливочный 70% 5,5 кг, ПРОФИЧИЗ, РОССИЯ",dairy.сыр,0.3,dairy.сыр
439f5496-85b3-4e75-85ec-c94351c0fbb7,"СЫР творожный сливочный 70% 2.2 кг, ПРОФИЧИЗ, РОССИЯ (-F-)",dairy.сыр,0.3,dairy.сыр
d9881022-850a-43cd-abcb-4614000dd879,"СЫР творожный сливочный 70% 5,5 кг, ПРОФИЧИЗ, РОССИЯ",dairy.сыр,0.3,dairy.сыр
4429a45d-67ce-4cbc-9c3e-73220bf09f94,"СЫР Камамбер с белой плесенью в панировке 50% 1 кг, ALTI, РОССИЯ",dairy.сыр,0.3,dairy.сыр
e1147aac-cd59-4c07-afd8-91669c7f2e57,"ЧЕБУРЕКИ с курицей замороженные 5 кг, РОССИЯ",meat.chicken,0.3,meat.chicken
7acaba44-921d-4f46-bf5d-c84449c071d5,"ТОМАТЫ вяленые половинки со специями 1 кг, ТУРЦИЯ (-F-)",condiments.spice,0.3,condiments.spice
ab4d49be-9efc-4990-8972-67ca4e67cc11,"ТОМАТЫ вяленые половинки без специй 1 кг, COOK_ME, ТУРЦИЯ",condiments.spice,0.3,condiments.spice
4b84dacb-fdc2-4846-b154-a012451c5ba7,"ТОМАТЫ вяленые половинки со специями 1 кг, COOK_ME, ТУРЦИЯ",condiments.spice,0.3,condiments.spice
2fee26a3-600d-4f2c-b6f6-a170a3014e28,"Соус Грибной Трюфельный МЕНЮ ст./б. (0,640 кг) ст/б.",condiments.sauce,0.3,condiments.sauce
7ac54b1b-6dae-4f7e-be55-e5556d027af6,"Томаты сушеные в подсолнечном масле в специях ""D`Amico"" пет пакет (1,100 кг) упак. .",condiments.spice,0.3,condiments.spice
2b7d1db9-b4a8-425a-9bab-7b3853781162,"Оливки ""Леччино Алла Чилентана"" без косточки в масле со специями ""D`Amico"" ст./бан. (0,270 кг/315 мл) упак. .",condiments.spice,0.3,condiments.spice
3413d82e-f868-4f5d-b19c-b8202a37f195,"Ассорти оливок сладкий микс NEFELI ст/бан (0,310 кг/300 мл)",condiments.sauce,0.3,condiments.sauce
fdb27616-c702-4140-aeb2-bc6553913520,"Оливки Халкидики со сливочным сыром и соусом Ранч ""NEFELI"" ст./бан. (0,290 кг/300 мл) упак. .",condiments.sauce,0.3,condiments.sauce
8b11f4e0-4e9c-4a5d-afbf-0e6fb7d9f2a4,"Варенье ""Ратибор"" Абрикос"" ст/б (0,360 кг/0,600 кг ) упак. .",canned.фрукты,0.3,canned.фрукты
473c3212-497d-4c48-bd1e-335c234f2f8d,"Джем малиновый дип-пот (25 мл/0,020 кг/0,021 кг) упак. .",condiments.sauce,0.3,condiments.sauce
d67e31dc-c68f-46eb-92a5-c575c6794024,"Джем клубничный дип-пот (25 мл/0,020 кг/0,021 кг) упак. .",condiments.sauce,0.3,condiments.sauce
6440a152-c778-436a-a21e-8fe88e25d4fb,"Окорок сыровяленый Alto Concetto охл. нарезка ( 0,100 кг) упак. . Россия НДС 10%",dairy.сыр,0.3,dairy.сыр
82d06606-2bb7-421a-a3a9-38f79e0d0787,"Говядина сыровяленая Брезаола Alto Concetto охл. (~ 1,5 кг) НДС 10%",meat.beef,0.3,meat.beef
426502ef-6390-4a05-aca3-66857c6dd5f3,"Окорок сыровяленый Alto Concetto охл. (~ 1,8 кг) упак. ~ 21 кг НДС 10%",dairy.сыр,0.3,dairy.сыр
68515d97-1d8b-45e8-bac8-5363840807e0,"Говядина сыровяленая Alto Concetto охл. нарезка ( 0,100 кг) упак. . Россия НДС 10%",meat.beef,0.3,meat.beef
757f6dc7-d862-4a2b-b0c7-10e363bed148,"Шейка сыровяленая Alto Concetto Коппа охл.нарезка ( 0,100 кг) упак. . Россия НДС 10%",dairy.сыр,0.3,dairy.сыр
fd063425-67d1-46b1-8900-49d5b6e4d960,"Говядина Брезаола Ваканза с/в нарезка охл 0,070кг Доброско",meat.beef,0.3,meat.beef
bec63107-61c4-4d40-a083-87577a5df159,"Говядина сыровяленая Брезаола Ваканза (~ 1,000 кг) ~15 кг/упак Доброско",meat.beef,0.3,meat.beef
7d3e99a9-5106-4247-895a-e134d4fe115e,"Продукт из свинины цельно кусковой сыровял кат.Б Coppa (Коппа) Solemici нар (0,090 кг) упак",dairy.сыр,0.3,dairy.сыр
0ce60412-6251-4694-af9f-e83367afc8ac,"Продукт из свинины цельно куск.с/в кат.А «Lombo» («Ломбо») Solemici нар (0,090 кг) упак",meat.pork,0.3,meat.pork
a0afae94-d7fe-4f95-bab5-3a312dda43e8,"Продукт из мяса свинины цельнокусковый с/в кат.А Prosciutto Crudo (Прошутто Крудо) Solemici нар (0,100 кг) упак",meat.pork,0.3,meat.pork
308341d3-64a2-439e-943f-f4a4e0a6d452,"Пастрами из утки с кожей в специях запеченое ДЕЛИ МИТ зам (~ 0,200 кг) упак.~ 6,4 кг",condiments.spice,0.3,condiments.spice
a5ff327a-da59-4683-af7e-d8643d615f09,"Говядина Глазной мускул б/к зам (~ 2-3,5 кг) ~20 кг/упак Союз-м",meat.beef,0.3,meat.beef
5dfeeefa-445b-4336-9141-4608c65fedd7,"Говядина субпродукты языки обраб. 1год зам ~1,900кг ТМК Групп",meat.beef,0.3,meat.beef
ff84c7ab-64b3-4ee2-bb9e-7bc3411dcce3,Говядина щечки в/у зам (~ 2 кг) упак ~12 кг МясКо,meat.beef,0.3,meat.beef
1453e80c-fcba-438e-8ac4-6620d0894535,"Говядина тонкий край б/к в/у MEAT POWER с/м (~ 3,500 кг) упак. ~ 12 кг Россия",meat.beef,0.3,meat.beef
2dce031d-a7b8-46e7-bb99-95ca036090db,Говядина жилованная 20% (2 сорт) зам ~23кг/упак ТМК Групп,meat.beef,0.3,meat.beef
5c6a7253-3b39-414b-9801-65b7fbe4d18a,Печень куриная зам Черкизово монолит упак.~13 кг,meat.chicken,0.3,meat.chicken
3f888569-c247-4797-90db-5e3a2e1d1afc,Окорочок ЦБ зам вал ~13кг/упак КЦ (15-23-04) 1010262065,condiments.sauce,0.3,condiments.sauce
a3fc72db-8bbb-4b12-b90b-9f86424045d8,"Мясо курицы ц/б для Шаурмы Загорский Бройлер ( ~ 3,000 кг) упак.~ 12 кг",meat.chicken,0.3,meat.chicken
8987d200-0f32-4be5-8755-d0d1bd070372,Свинина лопатка б/к зам. блок ~6.000 - 8.000 кг 1040234125,meat.pork,0.3,meat.pork
045eaff2-64dc-486f-9b80-84a939fe02fb,"Свинина рулька задняя на кости в шкуре ~1,300кг ~19кг/упак МК Всеволожский",meat.pork,0.3,meat.pork
5a93cb53-a10f-4610-bc52-1c3579fa0139,"Свинина окорок б/к блок зам. ~10,000 кг 1040238025",meat.pork,0.3,meat.pork
222b828c-d722-42ce-9179-72d6a51a4ed5,"Свинина шея б/к в/у ""НБР"" заморож. (~ 2,500-4,000 кг) упак. ~20 кг.",meat.pork,0.3,meat.pork
78d541ae-0c28-4ee1-ad31-2a00e522edb7,Свинина уши зам субпродукты монолит ~12кг/упак МК Нейма,meat.pork,0.3,meat.pork
09fe9396-b3ce-4d79-9fc4-2997e90cef5d,"Свинина спинно-поясничный (Карбонад) отруб бескостный зам (~ 4,000кг) ~20 кг/упак Союз-М",meat.pork,0.3,meat.pork
fe3c9824-8543-4e3b-b981-3528d8cc8906,"Свинина Лопатка б/к зам Богородский Фермер СТО ( ~ 6,000- 8,000 кг) упак. .",meat.pork,0.3,meat.pork
5bc754d7-85e0-41a6-b00a-5f2f44b330f1,"Свинина ВЫРЕЗКА катА зам пф крупнокусковой б/к (~1,500кг) ~13кг/упак ЧМПЗ",meat.pork,0.3,meat.pork
0d2eb295-1c85-469b-b5ea-4974a9453961,"Свинина Карбонад бескостный ""Богородский фермер"" кат. А. зам. в/у (~ 4,000 - 5,000 кг) упак. ~ 23 кг",meat.pork,0.3,meat.pork
b208465b-51ac-40d6-bdaa-443685dc65c5,"Сыр Рикотта ""Pretto"" пл/с 30-45% (0.500 кг) упак. .",dairy.сыр,0.3,dairy.сыр
98f74ab1-307e-47a8-936c-fabd67bfc2cf,"Сыр полутвердый Скаморца копченый ""Bonfesto"" 45% (0,235 кг) упак. .",dairy.сыр,0.3,dairy.сыр
66c2f2cf-b823-4e9b-b3c6-a9cfee5817bd,"Сыр мягкий Рикотта Лайт ""Bonfesto"" в с/в 40% (0,500 кг) упак. .",dairy.сыр,0.3,dairy.сыр
68bd3a21-3217-4c9f-aedf-d9d83d911bab,"Сыр Маскарпоне мягкий тм Bonfesto 78% (0,500 кг) Беларусь",dairy.сыр,0.3,dairy.сыр
39d736bf-c11c-4ee7-941e-1096ca897e5f,"Сыр Камамбер Нуар с белой плесенью ""Тревиль"" (0,130 кг/0,135 кг) упак. . Россия",dairy.сыр,0.3,dairy.сыр
e59a41c3-e929-4a0b-9278-034296401e0f,"Сыр Камамбер Классик с белой плесенью ""Тревиль"" (0,130 кг/0,135 кг) упак. . Россия",dairy.сыр,0.3,dairy.сыр
b832b813-b4ec-4a75-88cd-5ebc96f7a2eb,"Сыр Камамбер Гурмэ с белой плесенью ""Тревиль"" (0,130 кг/0,135 кг) упак. . Россия",dairy.сыр,0.3,dairy.сыр
4343692e-be6b-45eb-bf6c-dc3356eca027,"Сыр Бри с белой плесенью ""Тревиль"" ( 0,120 кг) упак. . Россия",dairy.сыр,0.3,dairy.сыр
e3648d26-6d55-45ce-b5da-3da2a336a688,"Сыр Страчателла Гальбани 52% 0,250кг",dairy.сыр,0.3,dairy.сыр
eb037e7b-c87f-4e10-9c8b-1daca444d02e,"Сыр Маскарпоне ""Гальбани"" 80% (0,500 кг/0,533 кг) упак. . Сербия",dairy.сыр,0.3,dairy.сыр
f9a7da78-c8a2-4df9-8f01-9db631c741b3,"Сыр мягкий с белой плесенью Камамбер Президент 45% 0,125кг",dairy.сыр,0.3,dairy.сыр
f06f070d-dcd2-4a1a-ab13-4cc3e32147ae,Сыр творожный сливочный President 65% Cream Cheese Professionale 2.200кг,dairy.сыр,0.3,dairy.сыр
79414600-76d5-4d28-9b21-692f43f4d22b,"Сыр Буррата Гальбани мини 1 шарик 50% (0,125 кг/0,436 кг)",dairy.сыр,0.3,dairy.сыр
f1a96cf8-ee9f-4144-939d-75161f408c2a,"Сыр творожный из козьего молока Chevre President 65% 0,140кг",dairy.сыр,0.3,dairy.сыр
ae1fc5ec-c802-416a-a2c6-3256ae3321b5,"Сыр творожный Креметте Профессионал Хохланд 65% (1,000 кг) упак. .(795012)",dairy.сыр,0.3,dairy.сыр
ffad4ab5-1a57-4ead-bc9a-26266999817d,"Сыр творожный Креметте Профессионал Хохланд (2,200 кг) упак. .(795013)",dairy.сыр,0.3,dairy.сыр
e982fba7-714a-4f87-a1b2-63c519c6d23d,"Сыр творожный Креметте Профессионал Хохланд (10,000 кг/10,800 кг) (8953)",dairy.сыр,0.3,dairy.сыр
2236b933-f37b-4566-9b92-8fee543daaa7,"Сыр для соуса творожный сливочный Хохланд Профессионал 50% (1,000 кг)упак. .(790910)",condiments.sauce,0.3,condiments.sauce
a670735c-3e74-49a0-ad67-ac59216e3cb0,"Сыр мягкий в рассоле 45% Hochland Professional (0,480 кг/0,400 кг) (795702)",dairy.сыр,0.3,dairy.сыр
647218a4-f718-4bc2-ab9d-e862ac943f72,"Сыр творожный Cream Cheese ALTI 65% ведро 2,100кг (30272)",dairy.сыр,0.3,dairy.сыр
e8f97adf-052a-4004-bcf4-2d95fd1f9abd,"Сыр Маасдам АЛЬГЕРД 45% круг (~8,5кг) Верхнедвинский Беларусь",dairy.сыр,0.3,dairy.сыр
de1916b7-481f-4b52-a3d9-eacf803181dd,"Сыр полутвердый с плесенью Горгонзола 50% ~ 1,000 кг Шангал",dairy.сыр,0.3,dairy.сыр
90d747f4-191d-4080-92a3-d25c91e2f8e4,"Сыр твердый PARMENTE 48% кусковой срок созревания 12мес ~1-1,5 кг Сыровар",dairy.сыр,0.3,dairy.сыр
78fa2701-db0c-4398-9601-76be68084498,"Сыр творожный сливочный «Лабне» ""Чудское озеро"" 55% ведро 11 кг упак.",dairy.сыр,0.3,dairy.сыр
dbb2836e-a3c4-4571-9015-6368d37aa600,"Сыр твердый PARMENTE 48% кусковой срок созревания не менее 18мес ~0,150кг/шт ~ Сыровар",dairy.сыр,0.3,dairy.сыр
7857e206-9155-42f9-b3c1-fe7ee9d04c96,"Продукт белково-жировой полутв. Маасдам 45% брус ~4,600 кг ТЗ Джанкойский сыр ВСД",dairy.сыр,0.3,dairy.сыр
b13f86d1-1c0d-45d3-8664-dce504776946,"Сыр твердый PALERMO (Палермо) 40% срок созревания не менее 12 мес ~3,000кг Сыровар",dairy.сыр,0.3,dairy.сыр
7829ff87-e097-4d16-bd2a-c660a32251aa,"Сыр Гауда 45% брус ~4,500кг Поставы Беларусь",dairy.сыр,0.3,dairy.сыр
79e7b6f5-9835-45e2-bc9c-b786f9f158b9,"Сыр твердый PALERMO (Палермо) с пажитником 40% ~1,500кг/шт Сыровар",dairy.сыр,0.3,dairy.сыр
f7665865-1406-493d-ab5b-b3d86684b25c,"Сыр твердый PALERMO (Палермо) 40% срок созревания не менее 6 мес ~3,000кг Сыровар",dairy.сыр,0.3,dairy.сыр
b316d0e1-6286-47b0-8ec4-1d4c7f1bc164,"Сыр твердый PALERMO (Палермо) 40% КРОШКА (0,300кг) Сыровар 5049",dairy.сыр,0.3,dairy.сыр
86c34b96-a17f-47c5-a306-f60e00323313,"Сыр мягкий Дорблю по - итальянски с плесенью 50% ~ 1, 000 кг Шангал",dairy.сыр,0.3,dairy.сыр
fb6c973b-2ca1-4864-85c5-3f53ac1b3a2f,"Сыр Монт Блю c голубой благородной плесенью 50% (~ 2,700 кг) кор. . Россия",dairy.сыр,0.3,dairy.сыр
7455b196-3d5f-4488-b844-d93d1a558beb,"Сыр полутвердый с плесенью ""Горгонзола"" ТМ ""ЖАН"" (0,100 кг) упак. .",dairy.сыр,0.3,dairy.сыр
94f8cd1a-3a61-40fc-9d6a-b0546d8e6ca8,Спред растительно-жировой Green Style 82% 10кг/упак Пальмира,dairy.сыр,0.3,dairy.сыр
8d467c91-76c7-41b7-a2bc-2cff4afdede3,"Спред растительно-сливочный 82,5% упак. 5 кг",dairy.сыр,0.3,dairy.сыр
d9dac7bc-677a-418b-b337-cc81ff60a7eb,"Горбуша натуральная ж/б с ключом (0,250 кг) 5 Морей",seafood.salmon,0.3,seafood.salmon
d8f627ed-ac1c-4e01-bbee-a64cf7099c12,Крем на растительных маслах Master Martini Decor Up 27% 1л*Италия,condiments.sauce,0.3,condiments.sauce
884edb60-c190-4a41-a36f-de56895cba73,"Амаретти мягкие со вкусом малины ""falcone"" (0,170 кг)",beverages.syrup,0.3,beverages.syrup
0fa0f341-ae67-43e5-aa55-c25f893cc3a0,"Пицца Чиз Карбонара замороженная 20*30 * * ""Zotman"" (0,0,420 кг) упак.",dairy.сыр,0.3,dairy.сыр
38bf388d-2a96-4c8a-ace2-b10d7ba9cf5f,"Пицца Маргарита замороженная 20*30 * ""Zotman"" (0,390 кг) упак. .",dairy.сыр,0.3,dairy.сыр
20809274-8461-4f01-a008-066c33bad5aa,"Основа для Римской пиццы ""Zotman"" 20*30 см (0,195 кг) упак. .",dairy.сыр,0.3,dairy.сыр
5692d2c8-e4fd-4f25-80d1-4b2ff6b2e495,"Лепешка мексиканская Tortillas со вкусом сыра (0,828 кг)",dairy.сыр,0.3,dairy.сыр
013eb2ab-38cf-46e4-904f-a85a7bae7637,"Чипсы картофельные ""San Carlo"" со вкусом сыра и черного перца (0,100 кг), упак.",dairy.сыр,0.3,dairy.сыр
c4db0ebb-4efb-4c72-a419-59a0902ec231,"Ризотто четыре сыра ""Ризо Галло"" (0,175 кг) кор. .",dairy.сыр,0.3,dairy.сыр
9d34e893-3a20-4cfb-83c2-189bd760a03a,"Зерна Киноа Мистраль (смесь белых и красных зерен) 0,500кг/0,516кг /уп",condiments.spice,0.3,condiments.spice
c5af0c53-0369-4140-a06a-5130f1a827ae,"Паста сакеттини с курицей ЗАМ (0,500 кг) Соло фреско",meat.chicken,0.3,meat.chicken
343d63a9-5bd1-4485-a39d-03ca69b294cf,"МАКАРОННЫЕ ИЗДЕЛИЯ БЫСТРОГО ПРИГОТОВЛЕНИЯ С ТРЮФЕЛЕМ И СЫРОМ Т.З. ""TARTUFI"" (0,070 кг) упак. .",dairy.сыр,0.3,dairy.сыр
0032f1ac-d0c0-4eb6-83a3-bb4a2af47cfb,"Мука из мягких сортов пшеницы ""OO"" для пиццы Molino Grassi ONZ (1 кг) /кор",staples.мука,0.3,staples.мука
694a86ae-8b06-422f-a6c3-e89c5a0f30da,Мука из мягких сортов пшеницы Спиди H10 (Speedy H10) Molino Grassi (25кг),staples.мука,0.3,staples.мука
27b276ca-0303-4d72-8db9-c0363405ab41,Мука из твердых сортов пшеницы Семола Molino Grassi (25кг),staples.мука,0.3,staples.мука
e0e63dc8-9c4c-4c36-b0fd-d2a187865a8f,"Мука из мягких сортов пшеницы ""ОО"" для пасты Molino Grassi (25 кг)",staples.мука,0.3,staples.мука
5515c59a-2186-4cf6-9094-f064d7bebf0a,"Мука из мягких сортов пшеницы ""ОО"" для пасты Molino Grassi (1 кг) /кор",staples.мука,0.3,staples.мука
80b95a2d-1e88-49b5-b271-b05128f91f66,"Мука из мягких сортов пшеницы ""ОО"" для пасты Molino Grassi (1 кг) /кор",staples.мука,0.3,staples.мука
84b06d55-aa18-4f4a-9584-7324b2cab218,"Мука из мягких сортов пшеницы ""ОО"" Манитоба Molino Grassi (1 кг) /кор",staples.мука,0.3,staples.мука
dd7b097c-a026-496e-b879-d5d1da0af977,"Мука из твердых сортов пшеницы Семола Molino Grassi (1,000кг) /кор",staples.мука,0.3,staples.мука
26f50d89-3e4f-4ead-b026-40f833c05ea2,"Мука из мягких сортов пшеницы для выпечки ""ОО"" Манитоба Мука Molino Grassi (25 кг)",staples.мука,0.3,staples.мука
6681221e-b3bd-4836-a4ee-db0870cfefc6,Мешок бумажный 3сл. с печатью Мука для пиццы SUPERIORE,staples.мука,0.3,staples.мука
dd6dcc9d-d628-4899-8a92-436491784268,Мешок бумажный 3сл. с печатью Мука для пиццы CLASSICA,staples.мука,0.3,staples.мука
a18ab31b-9624-4216-a437-7cf1b6af0ca5,Мука для пиццы Artigiano La Farina per la pizza classica -W250 мешок 25 кг СКС-торг,staples.мука,0.3,staples.мука
40b44680-1b2b-4b2a-9dd8-805a9f8d6247,Мука для пиццы в/с сбалансированная W330 Artigiano La Farina Superiore мешок 25 кг СКС-торг,staples.мука,0.3,staples.мука
54e56dba-06d8-4dae-beab-be9e4c8cb4f5,Мука из твердых сортов пшеницы КГМ+ бум мешок (черная этикетка) 25 кг,staples.мука,0.3,staples.мука
53fef1cb-0c0b-43aa-a77c-c9e11d976863,Мука хлебопекарная в/с Mamma Mia Pizza упак. 10 кг,staples.мука,0.3,staples.мука
8d7431d7-5795-467e-b00c-5a5cb604ab63,Мука темпурная Kaneshiro мешок 5 кг Россия,staples.мука,0.3,staples.мука
5d6dbc22-fa1c-4a56-bd52-1a8601c7f56a,"Мука Французская штучка Экстра в/с (2,000 кг) упак. (квант 6) отгрузка коробами",staples.мука,0.3,staples.мука
fff46430-3da0-46ef-99c7-c0722c40d583,"Жидкий дым ""Классический"" (0,330 мл ) упак..",condiments.sauce,0.3,condiments.sauce
87a1a947-b8fe-4c62-ba10-c7fab008f67f,"Соус ""Табаско"" перечный красный (350 мл) упак. .",condiments.sauce,0.3,condiments.sauce
6e566235-40b8-4319-9f84-fb7d6a670a27,"Соус ""Табаско"" перечный Чипотле (150 мл) упак. .",condiments.sauce,0.3,condiments.sauce
282cba8a-88c5-4528-a446-98967797ce16,"Соус ""Табаско"" перечный красный (150 мл) упак. .",condiments.sauce,0.3,condiments.sauce
63348a1b-9169-4140-a1bc-d965bcf93e35,"Соус ""Табаско"" перечный Чипотле ст./бут. (60 мл) упак. .",condiments.sauce,0.3,condiments.sauce
8efb6b84-e023-4ad4-849e-195cd0400da9,"Соус ""Табаско"" красный перечный Хабанеро (150 мл) упак. .",condiments.sauce,0.3,condiments.sauce
f5d5159c-d1af-405e-9899-58a3de704430,"Соус ""Табаско"" перечный красный ст./бут. (60 мл) упак. .",condiments.sauce,0.3,condiments.sauce
1b87c7b6-98be-4dbd-8652-65990883a56a,"Соус ""Табаско"" перечный зеленый ст./бут. (60 мл) упак. .",condiments.sauce,0.3,condiments.sauce
b9dd8c28-3fe1-4c20-9648-69124dd8c31c,"Соус гранатовый ""Наршараб"" EVOD ст./бут. (0,400 кг) упак. .",condiments.sauce,0.3,condiments.sauce
c69513a0-766f-4752-9df4-e98f76e0cd12,"Соус гранатовый ""Наршараб"" ""Грандэлитез"" ст./бут. (0,400 кг) упак. .",condiments.sauce,0.3,condiments.sauce
769585e6-ae78-49bf-ac69-85b1eb026ec8,"Соус Шанхайский вустерский ""Tai Kang Huang"" ст/б (1,167 кг/0,630 мл) Китай",condiments.sauce,0.3,condiments.sauce
18ea01ae-1c87-4823-83c8-5172d35fc9b3,"Соус грибной на основе подсолнечного масла с трюфелем ""Сербоско"" (0,500 кг) упак. .",condiments.sauce,0.3,condiments.sauce
9836bdcd-f568-496e-aaaf-58c59e1d41fe,"Соус ASTORIA Огуречный Релиш PRO балк (1,000 кг) упак. . Россия",condiments.sauce,0.3,condiments.sauce
a0d22698-2024-430a-a135-5abbc302dc15,"Соус ""EFKO FOOD""professional Чиз Веганский 35% балк (1,000 кг) упак.",condiments.sauce,0.3,condiments.sauce
1962e25b-3a6a-4e20-909e-2d67e9788bde,"Соус Чесночный PIKADOR PRO (1,000 кг)",condiments.sauce,0.3,condiments.sauce
284b0d76-ec82-41d3-b4ec-e92686815713,"Соус Сальса жгуче-острый оригинальный Heinz (1,000кг/1,013кг)",condiments.sauce,0.3,condiments.sauce
ab78fe7f-5ef7-4ab9-9f2c-60158797854d,"Соус ""ХАЙНЦ"" горчичный оригинальный дип-пот (25 мл) кор. .",condiments.sauce,0.3,condiments.sauce
ea9bb0df-5133-4dad-a806-f1036f8492d0,"Соус ""ХАЙНЦ"" Горчичный специальный (0,700 кг) упак. . Россия",condiments.sauce,0.3,condiments.sauce
df4f5db6-1904-494a-adb8-03d4eb00cf77,"Соус ""ХАЙНЦ"" Горчичный дип-пот (25 мл) кор. . Россия _ПОМПОНЧИК",condiments.sauce,0.3,condiments.sauce
4aef1ab3-f443-41a6-8949-aea3729bc560,"Соус грибной с трюфелем ""Tartufi Jimmy"" ст./банка (0,500 кг) упак. .",condiments.sauce,0.3,condiments.sauce
b2706f7a-57f3-4bb5-ab95-12d71a522304,"Соус грибной с трюфелем 8% ""Tartufi Jimmy"" ст./банка (0,090 кг) упак. .",condiments.sauce,0.3,condiments.sauce
e565ebbe-5d29-4d12-9122-00fbd0c3d33f,"Соус трюфельный 3% ст./банка Tartufi Jimmy (0,180 кг)",condiments.sauce,0.3,condiments.sauce
baf70fc3-fb85-4e23-bcc4-21e8cd8b0957,"Соус грибной трюфельный с белыми грибами ст./банка ""Tartufi Jimmy"" (0,180 кг) упак. .",condiments.sauce,0.3,condiments.sauce
1ac546ee-7911-4169-bfe9-77f0a41d4f95,"Соус на основе растительных масел: Соус грибной с трюфелем т.з. ""Truffle Chef"" пэт (0,940 кг) упак. .",condiments.sauce,0.3,condiments.sauce
4d19e02f-6c85-4761-8194-2046a106e9d8,"Соус грибной с трюфелем 8% ст./банка Tartufi Jimmy (0,180 кг)",condiments.sauce,0.3,condiments.sauce
cc734675-9384-4f00-b8b3-06555cfed0fd,"Соус ягодно-пряный гурмэ виноградный ""Furore"" (0,060 кг) кор. .",condiments.sauce,0.3,condiments.sauce
a3669b3e-e3b9-449b-92af-4c3236b87ec7,"Соус фруктово-пряный гурмэ грушевый ""Furore"" (0,060 кг) кор. .",condiments.sauce,0.3,condiments.sauce
2245b57b-021b-4e86-8466-f20b02238631,"Соус фруктово-пряный гурмэ яблоко и кальвадос ""Furore"" ст./бан. (0,060 кг) упак. .",condiments.sauce,0.3,condiments.sauce
2e8f87e6-be7d-4f5a-9837-8d424e5550fc,"Соус фруктово-пряный гурмэ апельсиновый ""Furore"" ст./бан. (0,060 кг) упак. .",condiments.sauce,0.3,condiments.sauce
9c88fd32-4668-47d1-9071-3ebbea5e09ed,"Соус фруктово-пряный гурмэ айва и кунжут ""Furore"" ст./бан. (0,060 кг) упак. .",condiments.sauce,0.3,condiments.sauce
26a1f22d-1cd8-4fdd-acce-ae97aa6f93d5,"Соус Ткемали Классический MADLI ст/б (0,270 кг)",condiments.sauce,0.3,condiments.sauce
46c1cbdd-cbc2-4ee1-95fa-5eb8ddedebf1,"Соус Медово-Горчичный Гурмикс (2,000 кг )",condiments.sauce,0.3,condiments.sauce
f4966d6a-3b2f-4744-9291-86a2142fc7ea,"Смесь панировочная Оригинальная Гурмикс (2,000 кг)",condiments.sauce,0.3,condiments.sauce
e17d1647-b98a-4ba9-8e7d-6bacd85884c0,"Соус Перцовый жгучий Гурмикс (2,000 кг)",condiments.sauce,0.3,condiments.sauce
57e1d985-1009-4807-b5fa-c1886574132d,"Соус чеддер для запекания Гурмикс серия Food Service (1,000 кг)",condiments.sauce,0.3,condiments.sauce
cc3cb9f7-826e-434a-8f0a-e65baed14229,"Соус черный перец Гурмикс (2,000 кг)",condiments.sauce,0.3,condiments.sauce
fe7bd169-225a-46a9-87e7-8cc1f6c42c3b,"Смесь панировочная Острая Гурмикс (2,000 кг)",condiments.sauce,0.3,condiments.sauce
392d8a7a-904f-4835-910b-338e9c2c4d2c,"Соус горчичный Гурмикс серия Food Service (1,000 кг)",condiments.sauce,0.3,condiments.sauce
0dc33030-154c-4667-9507-e9c42c5507bb,"Смесь панировочная Нежная Гурмикс (2,000 кг)",condiments.sauce,0.3,condiments.sauce
d85ec905-8ff3-4fee-b1d9-064bf1b397c1,"Маринад Грузинский Гурмикс серия Люкс (5,000 кг)",condiments.sauce,0.3,condiments.sauce
0f0dd076-2ce6-4016-ae4a-9b27ead89b00,"Соус Перцовый жгучий Гурмикс (2,000 кг)",condiments.sauce,0.3,condiments.sauce
30726789-cbf0-4990-ba45-1f4370f0b377,"Соус Брусничный Гурмикс (2,000 кг)",condiments.sauce,0.3,condiments.sauce
f8f38369-a976-4721-b430-9620f9a9d1c1,"Соус Glassa с доб бальз укс МОДЕНЫ с аром белого трюфеля пл/б (0,250 мл/0,313 кг)",condiments.sauce,0.3,condiments.sauce
eeb63550-2b72-40cd-b008-1cd94884d5cc,Соус Glassa белый на основе концентрированного виноградного сусла и винного уксуса пл.б (500 мл) “CARANDINI”,condiments.sauce,0.3,condiments.sauce
b0342e74-552f-40a9-973b-ac824bcb2de7,"Смесь специй 5 перцев дробленая банка 0,500 кг Рубикон",condiments.spice,0.3,condiments.spice
f84b13f2-8e59-4238-9d21-eb0ad5366c34,"Смесь специй Карри Золотой п/банка 0,500 кг Рубикон",condiments.spice,0.3,condiments.spice
00c8a669-29b2-44f8-8932-9b378a1fef5c,"Смесь специй Тикка Масала банка 0,560 кг Рубикон",condiments.spice,0.3,condiments.spice
63c927f6-7bbf-4888-8d7f-7fddeef94509,"Смесь специй для картофеля банка 0,500 кг Рубикон",condiments.spice,0.3,condiments.spice
c92c520c-9329-4112-944f-781ec6d17da3,"Смесь специй для глинтвейна 1,000 кг",condiments.spice,0.3,condiments.spice
51ff4cee-1239-42f5-a2d4-8599f376b679,"Смесь специй для моркови по-корейски банка 0,500 кг Рубикон",condiments.spice,0.3,condiments.spice
109aea32-4e64-4145-9fac-edf1b160e33a,"Гвоздика молотая пакет 1,000кг Рубикон",condiments.spice,0.3,condiments.spice
4f6768bb-9a00-4598-b543-87f32d876786,"Смесь специй для гриля пакет 1,000 кг Рубикон",condiments.spice,0.3,condiments.spice
6d797b20-682e-4702-a9b4-b7ad612b7639,"Можжевельник ягоды банка 0,300 кг Рубикон",condiments.spice,0.3,condiments.spice
9e134711-cfdc-416f-b6c6-179743cf4dcf,"Корица палочки банка 0,180кг Рубикон",condiments.spice,0.3,condiments.spice
fe5da14e-22dc-42fe-83e9-cb23dc413fee,"Смесь специй для рыбы с лимоном банка 0,500 кг Рубикон",condiments.spice,0.3,condiments.spice
2ea72f6c-e498-4013-b189-d5a19d2151aa,"Смесь специй для курицы п/банка 0,500кг Рубикон",condiments.spice,0.3,condiments.spice
2d68fed6-9994-402d-b70c-41219e00f94f,"Смесь специй Хмели-сунели пакет 1,000кг Рубикон",condiments.spice,0.3,condiments.spice
9baff289-5f48-4f41-af09-1f1898390126,"Смесь специй Тандури банка 0,460 кг Рубикон",condiments.spice,0.3,condiments.spice
69ab96ae-49ab-40c6-b15d-732f9de96f9e,"Чеснок сушеный дробленый 8/16 п/банка 0,500кг Рубикон",condiments.spice,0.3,condiments.spice
a3834614-2203-422e-81bf-ccee74f2b626,"Чеснок сушеный гранулированный 40/60 банка 0,500кг",condiments.spice,0.3,condiments.spice
8a5fbcb7-5bda-4afb-bdc5-34b1a9ea3cfe,"Смесь пряностей Мексика Фахита SpicExpert п/п (1,000кг/1,010кг)",condiments.spice,0.3,condiments.spice
41d98f27-535c-4893-acc7-4e47f854ff01,"Хмели-сунели SpicExpert п/п (1,000кг/1,010кг)",condiments.spice,0.3,condiments.spice
4bf259ea-8140-4ec8-bd8b-0503c213bdb6,"Хмели-сунели SpicExpert п/п (1,000кг/1,010кг)",condiments.spice,0.3,condiments.spice
e43f208c-0427-448b-a08d-174bef82c7dc,"Итальянские травы (для пиццы) SpicExpert п/банка (0,200кг/0,262кг)",condiments.spice,0.3,condiments.spice
355de72a-ef97-49c5-b1c9-f922307f133a,"Лавровый лист Экстра SpicExpert п/п (0,100кг/0,110кг)",condiments.spice,0.3,condiments.spice
1d104c9b-0173-463c-ae5e-d262a8b99cb8,"Корица в палочках SpicExpert п/банка (0,250кг/0,312кг)",condiments.spice,0.3,condiments.spice
4ebd242c-d080-4253-8626-223359ed3689,"Карри Золотой SpicExpert п/п (1,000кг/1,030кг) 10-",condiments.spice,0.3,condiments.spice
faf34727-8c91-4430-9d48-6e4b20824058,"Карри Золотой SpicExpert п/п (1,000кг/1,030кг) 10-",condiments.spice,0.3,condiments.spice
95c2878b-81a3-4198-8a5b-22e9f6b7fd05,"Карри Золотой SpicExpert п/п (1,000кг/1,030кг) 10-",condiments.spice,0.3,condiments.spice
308e66dd-6399-4e9d-a83b-3ef54ebabeeb,"Кардамон молотый SpicExpert п/банка (0,500кг)",condiments.spice,0.3,condiments.spice
9455f50a-2042-4fcb-8e71-032f30f823c1,"Кардамон молотый SpicExpert п/банка (0,500кг)",condiments.spice,0.3,condiments.spice
e550eb53-75fb-4ad1-a2da-354ea3dbd993,"Какао SpicExpert п/п (1,000кг/1,030кг)",condiments.spice,0.3,condiments.spice
9ed7f361-d827-4db7-a0ca-eba3dccc6b18,"Барбарис красный Премиум SpicExpert п/банка (0,250кг/0,312кг)",condiments.spice,0.3,condiments.spice
927be9cc-cb94-499a-84f4-7f2765aca7bd,"Фенхель семя SpicExpert п/банка (0,300кг/0,360кг) 6-",condiments.spice,0.3,condiments.spice
f04050d6-ed10-48a3-8224-4c4e6841c1ff,"Укроп SpicExpert п/п (1,000кг/1,030кг)",condiments.spice,0.3,condiments.spice
21ed99fd-afb2-4d48-aee5-d3c9e17cd0c0,"Корица молотая ""SpicExpert"" банка (1000мл ) (0,400 кг) упак.",condiments.spice,0.3,condiments.spice
da52a488-f1f7-452f-8e8b-850c50e287e6,"Можжевеловая ягода SpicExpert п/банка (0,300кг/0,362кг)",condiments.spice,0.3,condiments.spice
a69da38d-1422-45d8-b9dd-ad9d17102ce1,"Гвоздика целая SpicExpert п/банка (0,300кг/0,362кг)",condiments.spice,0.3,condiments.spice
3f4a9b72-fa68-4e22-8d5d-779147ac781c,"Гвоздика молотая SpicExpert п/банка (0,500кг/0,562кг)",condiments.spice,0.3,condiments.spice
14c2d03c-f580-4c4e-87c2-f2cd33251f9a,"Смесь пяти перцев дробленые SpicExpert п/банка (0,500кг/0,560кг)",condiments.spice,0.3,condiments.spice
9cb1a314-3809-4d61-a8e8-808b2714394e,"Горчичный порошок SpicExpert п/п (1,000кг)",condiments.spice,0.3,condiments.spice
5360bbdb-67ac-4bc0-bae4-3beaf59131db,"Кардамон целый банка ""SpicExpert"" (0,160 кг/360 мл) упак. .",condiments.spice,0.3,condiments.spice
6b390ddc-c105-4283-9531-10582de35178,"Чёрный BBQ, смесь пряностей Барбакао ""WIBERG"" ( 0,340 кг) упак.Германия",condiments.spice,0.3,condiments.spice
79f90414-6463-4ec3-ba90-9ae32fb3313d,"Мак пищевой голубой VAL'DE ( 1,000 кг) упак.",dairy.сыр,0.3,dairy.сыр
69e25a4e-41cd-4b50-bbe3-9a479bbeb810,"Картофель фри 8/12 мм Фарм Фритес с кожурой ""Finest"" (2 кг) упак. . (для соусов) (402.005) UN",condiments.sauce,0.3,condiments.sauce
cccdadd8-821e-422e-86c8-bcf3c052cc1e,"Картофельные дольки со специями/с кожурой Fry Me Premium (2,500 кг) (W01)",condiments.spice,0.3,condiments.spice
14ab92d7-1072-4a6f-91e9-b10be07a10b0,"Картофельные дольки с кожурой без специй Fry Me Премиум (2,500 кг) (W12)",condiments.spice,0.3,condiments.spice
b2ce8dae-92cb-45a3-975b-df54899c767b,"Соус устричный PEARL RIVER BRIDGE (2,400 кг/2,600 кг) упак. .",condiments.sauce,0.3,condiments.sauce
3a0f79af-bf76-4063-9d12-dfaf8c7d6715,"Соус Пад Тай Aroy-D (1,000 кг) Таиланд",condiments.sauce,0.3,condiments.sauce
1ba3fe9c-fdf9-4124-a1ef-68e6af9c5f0a,"Соус устричный PEARL RIVER BRIDGE ст/бут (0,510кг/0,875кг)",condiments.sauce,0.3,condiments.sauce
4409302c-41ca-4881-8fcd-2dbf91f2aa1f,"Соус рыбный ""AROY-D"" ст/бут (700 мл/0,840 кг) кор. .",condiments.sauce,0.3,condiments.sauce
79c5de62-1358-4924-8f31-f883df6d9f7a,"Соус Для Шаурмы на основе растительных масел Tamaki (0,470 кг) упак.Россия",condiments.sauce,0.3,condiments.sauce
64fa527f-c509-4ee4-96fd-35df986859f1,"Соус ""Тако"" UNI DAN пл/ведро ( 1,000 кг ) упак.",condiments.sauce,0.3,condiments.sauce
e055e53c-b0e1-4731-a085-51ab37cec7d6,"Соус Унаги ""Genso"" (1,500 л/1,700 кг) упак. .",condiments.sauce,0.3,condiments.sauce
8a02f1ef-2466-4489-87c1-b2d7dd6a6745,"Соус ореховый Tamaki Pro (1,5 л) упак. . Россия",condiments.sauce,0.3,condiments.sauce
9487f67b-9e94-4f15-ac77-aad1242035ad,"Соус ""Шрирача"" Uni-Eagle пл. бут. (0,475кг/430 мл) кор. .",condiments.sauce,0.3,condiments.sauce
8969c034-9aaa-4108-843f-6fef4cb13144,"Соус Юдзу Yuzu ESORO (1,000 кг) упак.. Корея",condiments.sauce,0.3,condiments.sauce
74c331d4-904b-454e-abd3-fc665acf5c3b,"Соус ""Шрирача"" Uni-Eagle пл. бут. (0,815кг/740мл) кор. .",condiments.sauce,0.3,condiments.sauce
1b5b2add-3a25-4175-942e-a689b2470bca,"Соус Медово-горчичный на основе растительных маселTamaki (0,500 кг) упак.Россия",condiments.sauce,0.3,condiments.sauce
96b12ea7-4cc9-4faf-a427-00c093614817,"Соус Медово-горчичный Hellmans ведро 1,000кг",condiments.sauce,0.3,condiments.sauce
bdb9449c-059f-46e4-be5f-2908cff26d79,"Смесь пищевая ""Для греческого соуса Дзадзики"" Chef's Mateпак/зип-лок (2,000 кг) упак.Россия",condiments.sauce,0.3,condiments.sauce
0e90e054-2c69-4cb8-b77c-6aff0ab74f08,"Смесь пищевая Соус""Грибной"" Chef's Mate (2,000 кг) упак Россия",condiments.sauce,0.3,condiments.sauce
52f95e97-b6ca-4571-b572-a6e50c989ca2,"Шарики из тапиоки для баббл-ти готовые Papa Boba ЗАМ (0,200 кг ) упак.Отгрузка коробами",dairy.сыр,0.3,dairy.сыр
5fd5e554-c231-4e24-9627-79401578ba3b,Лосось атлантический потр.c/г ~6-7 кг Чили,seafood.salmon,0.3,seafood.salmon
e71623e2-34d2-4cdd-b12c-226b56e415ce,Лосось атлантический потр.c/г ~7-8 кг Чили,seafood.salmon,0.3,seafood.salmon
75acdaeb-0066-4cf7-885c-31e44ee06984,"c/г в/п с/м 8/12 шт/кг c/м ""RISMA""",seafood.shrimp,0.3,seafood.shrimp
3937834f-64c2-432e-b821-f7bd5c1d64ed,"c/г в/п с/м 13/15 шт/кг c/м ""RISMA""",seafood.shrimp,0.3,seafood.shrimp
2451c73b-c434-46e7-b311-a78cbbb41a09,"тигр. c/г в/п с/м 16/20 шт/кг c/м ""ANCHOR""",seafood.shrimp,0.3,seafood.shrimp
e2d69ec3-d0cc-4c19-b50c-3c434b355974,"тигр. c/г в/п с/м 16/20 шт/кг c/м ""RISMA""",seafood.shrimp,0.3,seafood.shrimp
0945f742-bfcd-4234-9bb6-564916492fcd,"корол. с/г в/п 50/70 шт/кг ""VICI"" в/м вес.",seafood.shrimp,0.3,seafood.shrimp
53acddb1-f4eb-4ad9-934b-fb42f09b0970,"ванамей б/г в/п 16/20 шт/ф ""WAHYU""",seafood.shrimp,0.3,seafood.shrimp
f4132c6c-9218-44c9-a2f4-dcec050bc9b3,"ванамей б/г в/п 16/20 шт/ф ""CASTLE ROCK""",seafood.shrimp,0.3,seafood.shrimp
75725d77-5a59-425c-942b-c3abf42a25a6,"ванамей б/г в/п 21/25 шт/ф ""RISMA""",seafood.shrimp,0.3,seafood.shrimp
1f30733a-4f8b-4ec0-98ff-fe686f7c250a,"ванамей б/г в/п 21/25 шт/ф ""COFOODs""",seafood.shrimp,0.3,seafood.shrimp
6f5c88c7-2c4c-4996-8dbb-5e54acbaa266,"тигр. б/г в/п с/м 8/12 шт/ф c/м ""RISMA""",seafood.shrimp,0.3,seafood.shrimp
6d1db6e1-2708-4619-b2d2-445b21a3db00,"тигр. б/г в/п с/м 13/15 шт/ф c/м ""RISMA""",seafood.shrimp,0.3,seafood.shrimp
6b0b0a97-d859-47cf-978e-34bebd621515,"тигр. б/г в/п с/м 16/20 шт/ф c/м ""RISMA""",seafood.shrimp,0.3,seafood.shrimp
2fb6b57e-4a31-4e9d-a07a-e174dbc6bd5b,"тигр. б/г в/п с/м 21/25 шт/ф c/м ""ANCHOR""",seafood.shrimp,0.3,seafood.shrimp
7f1d9d48-07a3-4103-9a43-ef0a7d8f87ff,"ванамей очищ.с/х 16/20 шт/ф c/м ""IFB agro""",seafood.shrimp,0.3,seafood.shrimp
ce2d78d6-1699-4d31-8546-603f16b0f21c,"ванамей очищ.с/х 16/20 шт/ф c/м ""CASTLE ROCK""",seafood.shrimp,0.3,seafood.shrimp
c8168e22-a2cf-415b-bfd0-f1e756339815,"ванамей очищ.с/х 21/25 шт/ф c/м ""CASTLE ROCK""",seafood.shrimp,0.3,seafood.shrimp
8cec4dc0-462c-4633-aa69-e2f768244fe5,"ванамей очищ.с/х 26/30 шт/ф c/м ""CASTLE ROCK""",seafood.shrimp,0.3,seafood.shrimp
433a39fd-8931-4b5a-a5ff-77f4e5e9d093,"ванамей очищ.с/х 26/30 шт/ф c/м ""IFB ROYAL""",seafood.shrimp,0.3,seafood.shrimp
589251e6-2722-4576-af3a-f9df4086b4cf,"ванамей очищ.с/х 31/40 шт/ф c/м ""COFOODs""",seafood.shrimp,0.3,seafood.shrimp
079139ee-4486-40d2-a57f-4388b258129c,"ванамей очищ.с/х 31/40 шт/ф c/м ""CASTLE ROCK""",seafood.shrimp,0.3,seafood.shrimp
7459d914-5578-4cbc-82d1-6ac432f94c04,"ванамей,очищ.б/х 16/20 шт/ф, с/м  ""IFB AGRO I""",seafood.shrimp,0.3,seafood.shrimp
646f5983-ef3e-485b-854f-8d8b8c1d5ffe,"ванамей,очищ.б/х 21/25 шт/ф, с/м ""IFB AGRO I""",seafood.shrimp,0.3,seafood.shrimp
edc4a96f-6cf3-4fd7-9d67-c5894a1a1a85,"ванамей,очищ.б/х 26/30 шт/ф, с/м ""CASTLE ROCK""",seafood.shrimp,0.3,seafood.shrimp
c7015df6-1fac-4364-aeaa-f37496f22b87,"ванамей,очищ.б/х 26/30 шт/ф, с/м ""COFOODs""",seafood.shrimp,0.3,seafood.shrimp
c1df98fa-cb43-4d3a-8fb0-2df7d8cea20a,"ванамей,очищ.б/х 31/40 шт/ф, с/м ""CASTLE ROCK""",seafood.shrimp,0.3,seafood.shrimp
e4799138-7a76-4fb2-b465-b13f7a4cf909,"Улитка по-бургундски в чесноч.соусе, Россия",condiments.sauce,0.3,condiments.sauce
12c6f15b-3fc3-4c8c-8845-693f2eeef73e,"Говядина СТРИПЛОЙН б/к, c/м ~4кг",meat.beef,0.3,meat.beef
96c36402-e89a-4b28-aac6-8b18ff389833,"Говядина ТОНКИЙ КРАЙ ""СHOICE"" c/м ~6кг",meat.beef,0.3,meat.beef
374bea5f-711c-43cd-9bfc-177245da3754,"Говядина ТОНКИЙ КРАЙ ""PRIME"" c/м ~6кг",meat.beef,0.3,meat.beef
6cc95cae-f3fa-43cd-8323-34be01afa7a7,"Говядина ЧАК РОЛЛ, c/м ~5кг",meat.beef,0.3,meat.beef
09677da3-3a4d-4e50-a607-08dd74553766,Говядина ТОП БЛЕЙД с/м ~3кг,meat.beef,0.3,meat.beef
6682a4d4-3883-4856-a538-20868733fbca,Куриная печень с/м ~1кг,meat.chicken,0.3,meat.chicken
68598e3e-52a0-4d35-9870-4443b77c2b8e,"Карт. дольки с кожурой со специями,""Farm Frites"" с/м",condiments.spice,0.3,condiments.spice
a86b85b9-bcde-4de1-b990-2817031973ae,Компотная смесь с/м вес.,condiments.spice,0.3,condiments.spice
96fb8137-a1f3-44dc-a920-4b4ca97b3c12,"Сыр тверд. Рarmezan""Сармич""45% ~130г (12 мес)",dairy.сыр,0.3,dairy.сыр
6755381c-3b7b-442e-a0fa-e2a17dc17334,"Сыр тверд. Рarmezan""Сармич""45% ~7кг (12 мес)",dairy.сыр,0.3,dairy.сыр
c94517f3-54d2-4563-9f78-ef705131066f,"Сыр твердый ""PALERMO"" 40% (12 мес.),  ~2,5кг",dairy.сыр,0.3,dairy.сыр
51c321d7-4632-45c9-98fe-e116a37a58d6,"Сыр ""Гауда"" ""1М молочный"" 45% ~4 кг",dairy.сыр,0.3,dairy.сыр
4cab1c3f-a9f3-4a33-b12b-106a5db52445,"Сыр ""Гауда"" ""Ферма Босконе"" 50% ~5 кг",dairy.сыр,0.3,dairy.сыр
10d3f9ae-22aa-44f6-8c28-bfee1a29d76c,"Сыр с голубой плесенью ""ВЮРД""  ~1 кг",dairy.сыр,0.3,dairy.сыр
6cb28133-e2d0-4ce4-beb6-c546e3d28f9d,"Сыр с голубой плесенью РЕЗАНЫЙ  ~2,5 кг",dairy.сыр,0.3,dairy.сыр
6a7b48b6-889d-4bba-b691-f823a9528c81,"Сыр с голубой плесенью ""BERGER""  ~2,7 кг",dairy.сыр,0.3,dairy.сыр
a09e5769-cb09-4a21-9c92-99a865768f12,"Сыр с голубой плесенью ""РОКФОРТИ""  ~3 кг",dairy.сыр,0.3,dairy.сыр
84e98448-574e-4402-adb7-1f8d4255a042,"Соус ""ДЕМИГЛАС"" ""МИРАТОРГ"" с/м",condiments.sauce,0.3,condiments.sauce
62a28c18-a30c-484a-a7b6-b2b17bcf765a,"Мука для пиццы в/с ""MAMMA MIA""",staples.мука,0.3,staples.мука
369bf490-9dc1-41b7-ada2-2af01a40423c,"Мука для пиццы ""00"" Molino Grassi""",staples.мука,0.3,staples.мука
8f335afe-bdb9-424a-8268-42865ff6069d,"Сыр ""Cremette"" 65% (туба)",dairy.сыр,0.3,dairy.сыр
8f725de1-03b6-4b0e-89a2-e1dc1239acff,"Сыр Кремчиз ""COOKING"" 70%",dairy.сыр,0.3,dairy.сыр
bad06499-d5d4-4d98-b630-6aa0c073ed47,"Соус рисовый Мирин ""ToDoFood""",condiments.sauce,0.3,condiments.sauce
177f4481-1795-49dc-8973-61f522c4783b,"Соус кунжутный ""TAMAKI""",condiments.sauce,0.3,condiments.sauce
e0dabaeb-b7e2-4a54-ba49-4ade7f59a897,"Соус ПАД ТАЙ ""AROY-D"" .",condiments.sauce,0.3,condiments.sauce
41f68eaa-8da0-4c1f-b845-b718bb584a60,"Соус ПАД ТАЙ ""AROY-D"" .",condiments.sauce,0.3,condiments.sauce
42e4f017-3685-4b0d-b189-1fb23160b64f,"Мучная смесь темпурная ""KANESHIRO""",condiments.spice,0.3,condiments.spice
d13675a1-df81-4326-b8bf-f41516c72e51,"Мука темпура  ""SEVENCO""",staples.мука,0.3,staples.мука
e3e40f2a-17c3-424e-85ca-921cd15e5602,"Мука темпура ""КЛЯР""",staples.мука,0.3,staples.мука
536f43b8-2fbb-4d73-88a0-71f5d2903316,Говядина для запекания ТМ Праймфудс,meat.beef,0.3,meat.beef
b8cc8f85-65dd-4f0b-b7ca-3221a4ba9258,"Гвоздика целая KOTANYI, пл/бан. 400г",condiments.spice,0.3,condiments.spice
7796c57d-7b3a-4c65-a670-8baf10778846,Корица целая п/бан. 350г,condiments.spice,0.3,condiments.spice
bcd64f24-5d8e-4380-9a53-df86bb5b4bff,"Корица молотая, пакет 500г",condiments.spice,0.3,condiments.spice
42e5571a-8732-4eb9-9d47-df08b7f563a2,Прованские травы банка 250г,condiments.spice,0.3,condiments.spice
cb9bb490-0b97-43bf-8b8e-d33f3d8848c5,Смесь пряностей Мексика (Фахита) SpicExpert п/п 1кг,condiments.spice,0.3,condiments.spice
5ac4cc81-6157-4eda-9cc1-bd3ee4f1d646,"Ветчина куриная ""Добрые рецепты"" п/а (ок. 1кг), ВЕСОВОЙ, ВетИС",meat.chicken,0.3,meat.chicken
a1b9060b-a383-474c-afb8-dd29d04f5b3a,Крем на растительных маслах Сансет Глейз НЕО 1л,condiments.sauce,0.3,condiments.sauce
e830c38b-792c-48e4-86fd-cc96f36ea097,Крем на растительных маслах Шантипак 1л,condiments.sauce,0.3,condiments.sauce
3edd835b-17f3-42e5-be1c-fd298111a9c6,"Наполеон с клубнично-земляничной начинкой (17101), 1,2кг",dairy.сыр,0.3,dairy.сыр
327a9a53-a015-46c1-afbc-a17fc763e522,"Спред растительно-жировой ""Полтавский"" м.д.ж. 82% 5 кг",dairy.сыр,0.3,dairy.сыр
18ca65f3-d028-4f12-9e23-42eee18655fc,"Сыр творожный Cream Cheese ALTI мдж 65% 2,1кг ВетИС",dairy.сыр,0.3,dairy.сыр
abc172d7-fb8e-40db-8392-b9b0460d1e57,"Продукт сыросодержащий ""Гауда"" м.д.ж. 40% (брус ок. 2,5кг), ВЕСОВОЙ",dairy.сыр,0.3,dairy.сыр
818eea83-2bd9-4fd7-9fdf-fda0c88cfd6f,"Сыр полутвердый ""Российский молодой"" брусковый м.д.ж. 50% (ок. 3.5кг), Весовой ВетИС",dairy.сыр,0.3,dairy.сыр
50391c9e-d9bb-4021-af9f-376195ffbc63,Говядина лопатка с/м 5-6кг Весовой ВетИС,meat.beef,0.3,meat.beef
688a42dc-7de6-4cc8-8d88-1d7fe9bc2507,"Говядина оковалок, с/м (ок. 7кг), Весовой ВетИС",meat.beef,0.3,meat.beef
e01504ee-06d1-4a3b-a027-a1c8d49e9e54,"Говядина сильверсайд, с/м (ок. 7кг), Весовой ВетИС",meat.beef,0.3,meat.beef
c7a07d0c-34fb-47ad-8a85-1764f013789e,"Говядина щека (ок. 2кг), с/м, в/у, Весовой ВетИС",meat.beef,0.3,meat.beef
51d7c90e-a090-4ff5-80e1-0d9b673edfe7,"Говядина щека, с/м (ок. 3кг), Весовой ВетИС",meat.beef,0.3,meat.beef
3c3b03fa-cba7-4d01-9ee2-99cb95e4bbb1,"Говядина язык с/м, без подъязычной мышцы 1-1,3кг Весовой ВетИС",meat.beef,0.3,meat.beef
929ae356-9d43-4ed8-a2d8-b8ee3c6c5ac3,"Свинина лопатка б/к б/ш ГОСТ в/у (ок. 5кг), Весовой ВетИС",meat.pork,0.3,meat.pork
8132c70c-b37b-4d8c-9bb2-300e334463fe,Свинина окорок б/к б/ш ГОСТ в/у (ок. 9кг) Весовой ВетИС,meat.pork,0.3,meat.pork
23334099-4c0a-4e67-9f05-2b3ffeac96b1,Картофельные дольки со специями с кожурой (W01) Fry Me Premium пакет 2.5кг,condiments.spice,0.3,condiments.spice
5069e408-4b44-4353-b68d-e4795b3ea082,"Картофельные дольки с кожурой (без специй) TRIUMPH (TRW12) 2,5кг",condiments.spice,0.3,condiments.spice
ae584332-65a1-431c-b6ab-577232cde424,Гёдза со свининой YOSHIMI 500г ВетИС,meat.pork,0.3,meat.pork
75a3135a-0762-4b26-949e-f45e74365526,"Курица печень с/м, ""Павловская ПФ"", пакет ВЕСОВОЙ ВетИС",meat.chicken,0.3,meat.chicken
9073bf7d-b172-4692-8c77-a485a33007ba,"Соус огуречный Релиш ""Бояринъ"" ж/бан 850мл",condiments.sauce,0.3,condiments.sauce
428ea405-ea12-41d0-8235-e2f673bfa496,Соус на основе растительных масел горчичный специальный балк. 700г,condiments.sauce,0.3,condiments.sauce
3ac5ce71-8097-42e1-97be-a2a430c48235,Соус на основе растительных масел Чесночный Ранч 1кг,condiments.sauce,0.3,condiments.sauce
3be39ec6-ae80-427a-80c5-89825f05107f,Говядина для запекания ТМ Праймфудс,meat.beef,0.3,meat.beef
ba601eda-951d-4c3a-8af1-cb0aa5bf9d84,"Гвоздика целая KOTANYI, пл/бан. 400г",condiments.spice,0.3,condiments.spice
0d2dffaa-dc07-45c1-9783-047fbae2b84c,Корица целая п/бан. 350г,condiments.spice,0.3,condiments.spice
ae0d2a7c-1193-4511-98e2-5da55f18b915,"Корица молотая, пакет 500г",condiments.spice,0.3,condiments.spice
4dd6dff7-d005-4ad6-af19-88ff6f6fb9a5,Прованские травы банка 250г,condiments.spice,0.3,condiments.spice
00e479cf-ee49-4563-b7a8-159de148e45d,Смесь пряностей Мексика (Фахита) SpicExpert п/п 1кг,condiments.spice,0.3,condiments.spice
0d8e86d8-e69a-43eb-abb0-c69866417b23,"Ветчина куриная ""Добрые рецепты"" п/а (ок. 1кг), ВЕСОВОЙ, ВетИС",meat.chicken,0.3,meat.chicken
0b350da4-7cd3-4120-9776-11cd289e6842,Крем на растительных маслах Сансет Глейз НЕО 1л,condiments.sauce,0.3,condiments.sauce
efab63c4-0499-46cf-aa4f-201ee320f507,Крем на растительных маслах Шантипак 1л,condiments.sauce,0.3,condiments.sauce
5f4d8803-2e55-4347-805f-4a8d549ebbdc,"Наполеон с клубнично-земляничной начинкой (17101), 1,2кг",dairy.сыр,0.3,dairy.сыр
25fcd61a-241d-4861-839e-426427be19ef,"Спред растительно-жировой ""Полтавский"" м.д.ж. 82% 5 кг",dairy.сыр,0.3,dairy.сыр
03706a89-12e8-4541-b792-e51bcd98a407,"Сыр творожный Cream Cheese ALTI мдж 65% 2,1кг ВетИС",dairy.сыр,0.3,dairy.сыр
ec2bdbfa-2ccf-4699-a217-3227c239c5da,"Продукт сыросодержащий ""Гауда"" м.д.ж. 40% (брус ок. 2,5кг), ВЕСОВОЙ",dairy.сыр,0.3,dairy.сыр
2c9e4897-755f-4331-8aad-a0e381db214a,"Сыр полутвердый ""Российский молодой"" брусковый м.д.ж. 50% (ок. 3.5кг), Весовой ВетИС",dairy.сыр,0.3,dairy.сыр
1f92b801-313e-4794-b045-6e2b611fd6da,Говядина лопатка с/м 5-6кг Весовой ВетИС,meat.beef,0.3,meat.beef
54804a4f-ce8a-4589-a9f5-aa2610618ed8,"Говядина оковалок, с/м (ок. 7кг), Весовой ВетИС",meat.beef,0.3,meat.beef
53fc6b2c-5cea-446b-8b61-f665592e9d5e,"Говядина сильверсайд, с/м (ок. 7кг), Весовой ВетИС",meat.beef,0.3,meat.beef
d096c603-8ad6-45a8-a3d3-5308e681a9bd,"Говядина щека (ок. 2кг), с/м, в/у, Весовой ВетИС",meat.beef,0.3,meat.beef
e14e19f2-5537-4b78-a909-3f49011965e4,"Говядина щека, с/м (ок. 3кг), Весовой ВетИС",meat.beef,0.3,meat.beef
35c0b62e-119b-4645-a912-43c8e17431f6,"Говядина язык с/м, без подъязычной мышцы 1-1,3кг Весовой ВетИС",meat.beef,0.3,meat.beef
ef94e14e-8ec7-464d-b57d-91075d75e9e1,"Свинина лопатка б/к б/ш ГОСТ в/у (ок. 5кг), Весовой ВетИС",meat.pork,0.3,meat.pork
5dea16ad-3c97-41aa-b09f-2a9ce0424ebf,Свинина окорок б/к б/ш ГОСТ в/у (ок. 9кг) Весовой ВетИС,meat.pork,0.3,meat.pork
b72a4a5d-178f-444a-99f4-233f0ec07fb5,Картофельные дольки со специями с кожурой (W01) Fry Me Premium пакет 2.5кг,condiments.spice,0.3,condiments.spice
d6641bed-7d00-4d56-922f-c002c8d038f1,"Картофельные дольки с кожурой (без специй) TRIUMPH (TRW12) 2,5кг",condiments.spice,0.3,condiments.spice
f2912ac8-0fa6-4fd3-9358-8914d30b2962,Гёдза со свининой YOSHIMI 500г ВетИС,meat.pork,0.3,meat.pork
2d685b20-58e4-4b37-a834-10ce28b486c0,"Курица печень с/м, ""Павловская ПФ"", пакет ВЕСОВОЙ ВетИС",meat.chicken,0.3,meat.chicken
e1716bcf-0c97-4959-b220-6b5275f4f880,"Соус огуречный Релиш ""Бояринъ"" ж/бан 850мл",condiments.sauce,0.3,condiments.sauce
e5d5a8b6-e5a7-4644-bbb9-13efccb182eb,Соус на основе растительных масел горчичный специальный балк. 700г,condiments.sauce,0.3,condiments.sauce
6cbd5984-7ff2-44b1-ac48-23d8eacdfd73,Соус на основе растительных масел Чесночный Ранч 1кг,condiments.sauce,0.3,condiments.sauce
810b7a39-e667-4ea2-bf5e-5c072e25d360,Говядина глазной мускул зерн. откорм Black Angus с/м в/у ~2 кг ~22 кг/кор. Мираторг,meat.beef,0.3,meat.beef
0366f6e6-94ca-46b9-9548-bbefb1a81a81,Говядина грудинка Для Запекания из мрам. гов. (Plate Meat) б/к с/м в/у 3-5 кг ~20 кг/кор. Праймбиф,meat.beef,0.3,meat.beef
1e359ec5-6f63-46ac-a321-8bf4c3ff5edc,"Говядина для ст. Мачете (диафрагма внешняя, корова Black Angus) б/к с/м в/у ~0,7 ~4,2 кг/кор. Мираторг",meat.beef,0.3,meat.beef
29a5ae86-267b-4f64-8a2c-69d63e23fd97,"Говядина для ст. Мачете (диафрагма тонкая, Outside Skirt) б/к с/м в/у ~0,7 ~4,2 кг/кор. Rosso",meat.beef,0.3,meat.beef
7c2e2704-185b-45fa-8bd4-50769c6bafe5,Говядина для ст. Пиканья из мр. гов. (корова Black Angus) б/к с/м в/у 2-5 кг ~10 кг/кор. Мираторг,meat.beef,0.3,meat.beef
66e72d7f-ed8f-4074-9c13-c04cd5a14c25,"Говядина для ст. Флэнк из мр. гов. корова Black Angus б/к с/м инд. уп. ~0,9 кг ~11 кг/кор. Мираторг",meat.beef,0.3,meat.beef
cdd3bf82-96a8-4bc7-81dc-f2de8163fa9c,Говядина лопатка б/к с/м в/у ~9 кг ~20 кг/кор. ГОСТ 31797-2012 МГК,meat.beef,0.3,meat.beef
940bade8-286c-4b74-a87f-82e47ee19536,Говядина лопатка б/к с/м инд. уп. 6-10 кг 11-20 кг/кор. Казанский МК,meat.beef,0.3,meat.beef
f004e233-7645-45bc-bfbf-9251d1cb075f,Говядина оковалок (knuckle) б/к с/м инд. уп. ~5 кг ~28 кг/кор. №421 Minerva BR,meat.beef,0.3,meat.beef
5b565742-9048-441e-8438-722778935626,Говядина оковалок (тазоб. отр. б/голяшки) б/к с/м инд. уп. 2-4 кг ~18 кг/кор. ГОСТ 31797-2012 Эталон,meat.beef,0.3,meat.beef
0b7bccc6-e1b2-4a37-8cc6-4533c5bace7a,"Говядина Оссо буко с/м 300+ инд. уп. ~0,8 кг 10-14 кг/кор. Эталон",meat.beef,0.3,meat.beef
a03dcdff-b162-40e2-9d4b-d22d8e27e98e,Говядина Оссо буко с/м инд. уп. ~3 кг (6 шт/уп) ~18 кг/кор. Тимашевскмясопродукт,meat.beef,0.3,meat.beef
28d8d961-a57e-4b34-9456-b2f0d7502165,"Говядина Стриплойн из мр. гов. (поясничный отр., кор. B.А.) б/к с/м в/у ~5 кг ~11 кг/кор. Мираторг",meat.beef,0.3,meat.beef
4cd7d1e8-d987-497a-871c-9707a8c9c02f,"Говядина Стриплойн из мр. гов. (поясничный отр.) Choice б/к с/м в/у 2,5-5 кг 12-17 кг/кор. Гурманин",meat.beef,0.3,meat.beef
b2c2a0c4-a9eb-4313-a17e-176db806ee03,Говядина Стриплойн из мр. гов. (поясничный отруб) Black Angus Choice б/к с/м в/у ~5 кг ~11 кг/кор. Мираторг,meat.beef,0.3,meat.beef
f6741701-62ee-4c51-b486-785820dbb331,"Говядина Стриплойн из мр. гов. Choice порц. б/к с/м в/у 2,5-5 кг ~20 кг/кор. ROSSO",meat.beef,0.3,meat.beef
1aee005b-15c8-43cf-ac36-fffdf7557809,Свинина карбонад без косы б/к с/м в/у ~5 кг 17-20 кг/кор. Знаменский СГЦ,meat.pork,0.3,meat.pork
7c601ce7-c1c6-4926-9c63-6c62615fa028,Свинина лопатка (плечелоп. отр. б/гол.) б/к с/м инд. уп. 7-12 кг ~23 кг/кор. ГОСТ 31778-2012 Мясторг,meat.pork,0.3,meat.pork
1a364b23-6bba-4ddf-b40b-cb116efa34cc,Свинина лопатка б/к с/м инд. уп. ~6 кг ~23 кг/кор. Знаменский СГЦ,meat.pork,0.3,meat.pork
a99f5518-8959-401d-b122-7916312a0d67,Свинина ножки задние с/м монолит ~15 кг/кор. Знаменский СГЦ,meat.pork,0.3,meat.pork
78a24252-facd-4fc8-bcb6-38428690bceb,"Свинина окорок б/к с/м инд. уп. ~6,5 кг ~15 кг/кор. Знаменский СГЦ",meat.pork,0.3,meat.pork
34b38046-8204-439a-aecf-8eb773740538,"Свинина рулька (голяшка) передняя н/к с/м 1,5+ кг монолит ~17 кг/кор. Коралл",meat.pork,0.3,meat.pork
56ee9774-d04b-4668-bcfc-64a33d76f572,Свинина уши с/м монолит ~9 кг/кор. Знаменский СГЦ,meat.pork,0.3,meat.pork
f0273d86-f2a9-452b-9e52-52a09e33538f,Свинина уши с/м монолит ~9 кг/кор. Полянское,meat.pork,0.3,meat.pork
c4e0896a-6dd3-45af-bea4-6d209b9e4fde,Свинина шея б/к охл. в/у ~2 кг ~15 кг/кор. Агро-Белогорье,meat.pork,0.3,meat.pork
83c52fd9-979b-413f-bd31-24f61362314b,Свинина шея б/к с/м в/у ~6 кг 17-20 кг/кор. Знаменский СГЦ,meat.pork,0.3,meat.pork
5ebe88bb-1db6-42f9-9b47-25c7e09592ae,Бастурма из говядины с/в в/у 200-300 гр Останкино ОМПК,meat.beef,0.3,meat.beef
9167b0e3-3ce7-4a44-a778-10fda3108c74,"Ветчина с/к Пармская (свинина) в/у ~1,7 кг Балтия",meat.pork,0.3,meat.pork
c632d300-1f35-4f1f-9973-8fbe959ec9ad,"Говядина (брезаола) с/в в/у ~1,5 кг Alto Concetto (НДС 10%)",meat.beef,0.3,meat.beef
f376cdb8-cde2-4a43-8504-f9e807f88559,Говядина (брезаола) с/в нарезка 100 гр Alto Concetto,meat.beef,0.3,meat.beef
4c5ae881-72bd-4c0a-9057-0aa4005a7dfd,Свинина (вырезка) с/к Бордо кат. А в/у ~350 гр ~3 кг/кор. Знаменский СГЦ,meat.pork,0.3,meat.pork
fcfdc59c-a604-4bce-ae9e-fe06f9889c0a,Суджук из говядины с/к Элиста ~350 гр Ломоносовский МК,meat.beef,0.3,meat.beef
a8ed122c-3003-4a69-abb0-bca3c2c13d85,Котлета куриная 100 гр п/ф с/м пакет 1 кг (16) Компас Фудс ЧМПЗ Черкизово,meat.chicken,0.3,meat.chicken
fb0428b0-fc0d-4296-bc97-956f55957760,Говядина тушеная в/с 325 гр (12) Совок,meat.beef,0.3,meat.beef
e1057092-5b0b-410d-97bd-a66b5fd302e8,Свинина тушеная в/с 325 гр (8) Агро-белогорье,meat.pork,0.3,meat.pork
7be413ff-0c20-4235-bc7b-22fb84d43ce7,Горбуша тушка ПБГ с/м размер L 5% 2*11 22 кг/кор. Восточный Берег,seafood.salmon,0.3,seafood.salmon
e298d112-1c92-4dd1-a686-ddfb58bcb157,Лосось тушка (семга) с/г с/м 6-8 кг ~33 кг/кор. Чили,seafood.salmon,0.3,seafood.salmon
0d09d4cd-9ab7-455f-84c4-5e1cf8ff0d02,Улитки в маслянно-чесночном соусе по-бургундски в/м 170 гр (10) Маxima,condiments.sauce,0.3,condiments.sauce
325c40c0-cce7-452e-8d41-d0ab5f827177,Горбуша натуральная ж/б 245 гр (24) ГОСТ 32156-2013 Жемчужина Сахалина,seafood.salmon,0.3,seafood.salmon
83b2a97c-1957-4aec-b222-04138877d293,Маргарин твердый столовый с молочным вкусом 82% 20 кг/кор. ГОСТ SolPro,beverages.syrup,0.3,beverages.syrup
20b377ee-3186-490d-addc-f8ee47ca8148,"Спред растительно-жировой 72,58% 400 гр (12) Домашнее удовольствие",dairy.сыр,0.3,dairy.сыр
dd1f6f78-0ee2-466e-8eec-5f918a9e3f9f,Сыр Бри 60% 125 гр (8) Президент,dairy.сыр,0.3,dairy.сыр
a9e36e0e-5aab-4dd7-9c7d-fcff5a860968,Сыр Гауда 45% брус ~5 кг Навруз,dairy.сыр,0.3,dairy.сыр
f4af4f05-85a0-45b1-9367-860061690bf1,"Сыр Кавказский (типа Адыгейский) 45% ~1,2 кг (12) Стародуб",dairy.сыр,0.3,dairy.сыр
af77605e-bf82-4e8b-b5d2-162dd14f9af3,Сыр Камамбер 45% 125 гр (8) Президент,dairy.сыр,0.3,dairy.сыр
451c105f-ff53-46a5-a267-4f1078614b36,"Сыр Маасдам 45% ~1,5 кг (6) Сыровар (5685)",dairy.сыр,0.3,dairy.сыр
aca6e62e-ce76-4c86-972d-4226f64f3291,"Сыр Манчего полутвердый 45% 2,5кг Сыроварня Трубецких",dairy.сыр,0.3,dairy.сыр
d658abf6-343e-442e-8406-ce134531bd7d,Сыр Маскарпоне 80% 500 гр (12) Гальбани,dairy.сыр,0.3,dairy.сыр
b6da7cea-21c2-4b2e-adb4-b143f568f966,Сыр Маскарпоне 80% 500 гр (6) Pretto,dairy.сыр,0.3,dairy.сыр
87206cdf-ae6b-43bc-82a5-ccaa445cfacb,Сыр Рикотта 45% 500 гр (6) Pretto,dairy.сыр,0.3,dairy.сыр
5e0a06c7-d5c2-4cec-9c9b-ae8b6f126e99,"Сыр с голубой плесенью 55% ~2,5 кг ММЗ№1 РБ",dairy.сыр,0.3,dairy.сыр
42c7d9c8-3436-4462-b5b1-01690ee33009,Сыр с голубой плесенью Гранд Блю 56% 100 гр (5) Милкана,dairy.сыр,0.3,dairy.сыр
10d770e5-4843-4229-894d-172153845838,Сыр с голубой плесенью Дор Блю По-Итальянски 50% куб ~1 кг (4) (Калининград),dairy.сыр,0.3,dairy.сыр
ec58a6b8-be1d-4a97-9ff1-8aaa005ca1f3,Сыр Страчателла 250 гр (4) Гальбани,dairy.сыр,0.3,dairy.сыр
6a6fceac-6488-467a-8f21-72108106fe7d,Сыр творожный Cream Nuvo Professional 65% 800 гр (10) Servolux,dairy.сыр,0.3,dairy.сыр
693c32cc-09a1-4cf5-ba1c-f35469224afd,"Сыр творожный Cream Nuvo Professional 70% 2,2 кг Servolux",dairy.сыр,0.3,dairy.сыр
df7e8185-0290-4f7f-8d5f-7407853afafe,Сыр творожный Козий Chevre из козьего молока 65% 140 гр (8) Президент,dairy.сыр,0.3,dairy.сыр
65748359-0c6f-4da8-a035-50d3e57149a8,Сыр творожный мягкий Cream Cheese 70% 11 кг Cooking,dairy.сыр,0.3,dairy.сыр
b71ad871-a5c3-46a2-9384-0c4c561552f1,"Сыр творожный мягкий Cream Cheese 70% 2,25 кг Cooking",dairy.сыр,0.3,dairy.сыр
19d7c4b1-e968-442c-ab35-0e4e9b82b687,"Сыр творожный Сливочный Cream Cheese Professional 65% 2,2 кг Президент",dairy.сыр,0.3,dairy.сыр
422b74e5-bee8-4eb2-8ffc-c334086d53cc,Сыр Тильзитер 45% брус ~5 кг Навруз,dairy.сыр,0.3,dairy.сыр
5d06a8f5-c133-420d-a621-79baca0893df,Сыр Чечил Белый спагетти 35% 100 гр (12) Президент  Глеб,dairy.сыр,0.3,dairy.сыр
8ffca8ef-f168-4537-8026-105e67d9a08b,"Картофельные дольки в кожуре без специй 2,5 кг (5) Fry me",condiments.spice,0.3,condiments.spice
3d9e1c69-3da5-4e98-ae87-79d41435a267,"Картофельные дольки в кожуре со специями 2,5 кг (5) Fry me",condiments.spice,0.3,condiments.spice
279b8db2-2ccb-4619-84c3-14c38b118576,Овощная смесь весенняя с/м,condiments.spice,0.3,condiments.spice
ac676651-49a2-4b11-9eee-fc005994b9a6,Абрикос половинки с/м,canned.фрукты,0.3,canned.фрукты
eee2aad7-b3a0-4560-a789-ab6f4b9246bf,Компотная смесь с/м,condiments.spice,0.3,condiments.spice
0f042f46-3ab3-4e3a-9536-2fba5a24544e,"Соус для пиццы 4,1 кг ж/б (6) Pikador Pro",condiments.sauce,0.3,condiments.sauce
7a11ee86-46c8-4117-9066-f2b35329fe0e,Соус для пиццы без специй классический 3000 мл/2900 гр ж/б (4) Кубань продукт,condiments.sauce,0.3,condiments.sauce
c3b74928-7dcf-4066-b53f-5280e63abadc,Перец Чипотле в соусе Адобо 312 гр ж/б San Marcos,condiments.sauce,0.3,condiments.sauce
c3574c34-2c06-4ecb-9468-90583131d48f,Паста трюфельная (соус грибной) 640 гр ст/б (6) Menu,condiments.sauce,0.3,condiments.sauce
04faa08f-fe65-4283-a000-0253f93c8fa1,Соус Брусничный 2 кг пакет (3) Гурмикс,condiments.sauce,0.3,condiments.sauce
9b01f75e-7832-4ab7-8a7d-973cc467d910,Соус Домашний Сацебели 300 гр ст/б (6) Кинто 238588,condiments.sauce,0.3,condiments.sauce
649f0d72-8026-461d-a5fd-fb388fa13a74,Соус из черного перца 840 гр пл/б Сэн Сой,condiments.sauce,0.3,condiments.sauce
ff2115b1-9cc2-4be9-9aa1-59f83b122408,Соус Медово-горчичный 2 кг дой-пак (3) Гурмикс,condiments.sauce,0.3,condiments.sauce
c16f896f-5f62-447d-a6e0-74aedf7bbc11,Соус Наршараб Гранатовый 400 гр ст/б (6) EVOD,condiments.sauce,0.3,condiments.sauce
1c7cc652-c3e8-4bef-86b8-412e09c6fca0,Соус Понзу с юдзу 2 кг дой-пак (2) Гурмикс,condiments.sauce,0.3,condiments.sauce
819e8785-f021-4f90-8234-108bafc99fb6,Соус Релиш огуречный 850 г ж/б (12) Бояринъ,condiments.sauce,0.3,condiments.sauce
11828321-1a8c-42ab-af3f-09b903ba524f,Соус Табаско красный перечный 150 мл ст/б (12) McILHENNY Company,condiments.sauce,0.3,condiments.sauce
5a329438-9692-41f8-85c7-f2c4fd10e95f,Соус Ткемали классический 300 гр ст/б (6) Кинто,condiments.sauce,0.3,condiments.sauce
73c004ca-3373-446a-94ef-16fd254ebe74,Соус Ткемали ранний (зеленый) 300 гр ст/б (6) Кинто,condiments.sauce,0.3,condiments.sauce
98b39a05-fc81-43c4-a021-59909696b894,Соус Чесночный 1 кг пакет (4) Гурмикс,condiments.sauce,0.3,condiments.sauce
c879235f-4831-4d16-a6b2-6b057c32f30b,Соус Горчичный балк. 700 гр (7) Heinz 76016512,condiments.sauce,0.3,condiments.sauce
e058932c-5368-4450-9a0c-1c2532338b45,Соус Сальса балк. 1 кг (6) Heinz 76014342,condiments.sauce,0.3,condiments.sauce
f933834d-b254-4ab3-958f-f2dfb8821956,Маринад для шашлыка по-кавказски 5 кг (3) ведро Гурмикс,condiments.sauce,0.3,condiments.sauce
6a6d5d9d-8582-40bc-b33b-1b57a5306882,Гвоздика целая 400 гр пл/б (6) Kotanyi,condiments.spice,0.3,condiments.spice
aeea5858-3f05-481e-9570-dab745437de8,Корица в палочках 350 гр пл/б (6) Kotanyi,condiments.spice,0.3,condiments.spice
1b38862f-41ed-4c9f-9ab2-e5d0ea5d5083,Корица молотая 600 гр пл/б (6) Kotanyi,condiments.spice,0.3,condiments.spice
ea026e0c-c0e4-4ab3-a4c0-417f89886568,Гвоздика целая 350 гр пл/б Роспланта,condiments.spice,0.3,condiments.spice
5decef27-ddd6-43e0-aa64-ef2ad39529db,Корица в палочках 250 гр пл/б (6) Роспланта,condiments.spice,0.3,condiments.spice
f0086965-1f0e-49ea-9880-6a754621fe49,Корица молотая 500 гр пл/б Роспланта,condiments.spice,0.3,condiments.spice
2c7a228a-5971-48d1-9e17-97b7ae247155,Смесь 5 перцев дробленая 400 гр пл/б (6) Мэтр,condiments.spice,0.3,condiments.spice
2b61bcc2-d250-45db-903a-69c5165232e0,Хмели-сунели 1 кг (8) АРИKON,condiments.spice,0.3,condiments.spice
21609ca7-4934-43f5-90dc-0a7bb7e1d8fe,Чеснок гранулированный 600 гр пл/б Роспланта,condiments.spice,0.3,condiments.spice
b5de626e-4d56-4a09-a8ba-9f5b00ae0b54,"Соус Голландский 1,7 кг пл/в (4) Кнорр",condiments.sauce,0.3,condiments.sauce
5e5b6a00-aa19-415c-a2ee-50abd3300d44,"Соус деми гляс Говяжий PURE BEEF 1 кг с/м (5) Chef""s label",condiments.sauce,0.3,condiments.sauce
706a11b8-19f4-4494-bfb9-33d4daa37d6c,"Соус деми гляс Куриный BASIC 1 кг с/м (5) Chef""s label",condiments.sauce,0.3,condiments.sauce
265cdd45-a4b7-4661-aec2-589094b09e50,"Соус Деми гляс сухой 1,5 кг пл/б (4) АРИKON PROFI",condiments.sauce,0.3,condiments.sauce
6337c91c-e560-40b3-8f64-4c1b20987ae4,"Соус Crab Bisque 1 кг с/м (5) Chef""s label",condiments.sauce,0.3,condiments.sauce
74709b58-1b00-4eb6-b45c-dd2933e7f53c,Ванилин 4 гр (75) Домашнее Бистро,dairy.сыр,0.3,dairy.сыр
e0e17ee6-b8a6-4ba2-8a47-fc91167b5abc,Декстроза (глюкоза) моногидрат 1 кг СТОИНГ,condiments.spice,0.3,condiments.spice
1d919663-a87c-4573-bf32-1ec125a0cb09,Солод ржаной ферментированный 1 кг Роспланта,condiments.spice,0.3,condiments.spice
3aa4b95a-cbc8-4178-b947-1b983d2e2617,Крупа манная 50 кг ГОСТ марки М ЭЛИТМУКА,staples.мука,0.3,staples.мука
1f9d0e8a-1d9a-41c2-82f3-81c56ca6488b,Мюсли фруктово-ореховые 250 гр (8) Домашнее Бистро,dairy.сыр,0.3,dairy.сыр
64b1504d-f482-44b3-8f76-7bdffe51b4e5,Мюсли фруктовые 250 гр (8) Домашнее Бистро,dairy.сыр,0.3,dairy.сыр
8a4c8b8e-3fc9-481b-8fac-bf2e73bf31af,Мука д/пиццы в/с 2 кг ГОСТ (6) Печенов,staples.мука,0.3,staples.мука
74450ad7-e54c-4b82-ab96-089fb06bf911,Мука д/пиццы в/с 20 кг ГОСТ Печенов,staples.мука,0.3,staples.мука
16dd9402-3845-4d6e-a07b-2d8b5583f281,"Мука д/пиццы из мягких сортов ""00"" 1 кг (10) Molino Grassi ONZ",staples.мука,0.3,staples.мука
ae5b5529-c302-4b86-9130-82b29dfce0c1,"Мука д/пиццы из мягких сортов ""00"" 25 кг Molino Grassi ONZ H6",staples.мука,0.3,staples.мука
5c3f9799-f92f-478b-857d-f6466d4410be,"Мука из мягких сортов Манитоба ""00"" 1 кг (10) Molino Grassi",staples.мука,0.3,staples.мука
b8401001-5d2e-4d51-bea2-2258a1491e1e,Мука Семола из твердых сортов пшеницы 1 кг (10) Molino Grassi,staples.мука,0.3,staples.мука
2ec86cd2-aeac-4db6-932e-dab2922428a9,"Вафельная крошка 2,5 кг (4) Callebaut (M-7PAIL-E0-401)",dairy.сыр,0.3,dairy.сыр
bcfab80f-69b2-4fba-83ec-360382f4cd3f,Джем Абрикосовый 900 гр пл/в (6) Руконт,canned.фрукты,0.3,canned.фрукты
e6ff021a-e888-4705-bb38-7b537aad0c1b,Основа для напитков Глинтвейн 1 л пл/б (6) RiCHEZA,beverages.syrup,0.3,beverages.syrup
ba6772d6-ad85-4ce4-b7a4-f585b75ef368,Гипфель мини с грушей (зам) 40 гр*60 шт/кор. Яркий вкус,dairy.сыр,0.3,dairy.сыр
6e83a2c8-ac93-41ad-a507-84ee947359c2,Гипфель мини с клубникой (зам) 40 гр*60 шт/кор. Яркий вкус,dairy.сыр,0.3,dairy.сыр
fb64aabe-2038-447e-8741-38edd1043cdf,Гипфель мини с кремом (зам) 40 гр*60 шт/кор. Яркий вкус,dairy.сыр,0.3,dairy.сыр
6a43d81d-35e2-44f2-8be6-939cd647020b,Основа для римской пиццы 20*30 см (зам) 200 гр*20 шт/кор. GIOS,dairy.сыр,0.3,dairy.сыр
bc337eed-8ed5-4cd0-ae0d-44d5925f5e42,Мука темпурная 1 кг (12) Космос Россия,staples.мука,0.3,staples.мука
9a4209cc-883f-4b3b-9e47-4865e92a06ab,Соус креветочный 500мл (12) HADAY,condiments.sauce,0.3,condiments.sauce
7cb0a127-7028-45ee-829f-61d78071ba7b,Соус ореховый 1 л (6) DUNKAN,condiments.sauce,0.3,condiments.sauce
25570cdb-0a7b-47d9-8a0e-6356810c982d,Соус Рисовый МИРИН ФУ 1 л (6) Dunkan,condiments.sauce,0.3,condiments.sauce
fe925233-a9a9-4170-b6bd-a61f2805a2d7,"Соус рыбный 4,5 кг (4) Aroy-D",condiments.sauce,0.3,condiments.sauce
d2591be6-178e-4869-9afb-50e871d318b1,Соус рыбный 840 гр (12) Aroy-D,condiments.sauce,0.3,condiments.sauce
841a5954-7ec0-41cb-9a50-169a6ae186b6,"Соус Табаджан 0,92 кг (12) Yumart",condiments.sauce,0.3,condiments.sauce
7c98d7ad-57cf-4f36-b0c0-45588b8c6b8b,"Соус Тонкацу 1,8 л (1) PRB",condiments.sauce,0.3,condiments.sauce
bab9be2d-5269-4657-8866-69df6e2c9320,"Соус Тонкацу 1,8 л (1) БаркоГрупп",condiments.sauce,0.3,condiments.sauce
70a2008b-0e0a-48eb-a90f-c990ddeba516,"Соус Унаги 1,8 л (6) DUNKAN",condiments.sauce,0.3,condiments.sauce
6accf978-bceb-416f-9ec2-f5b9c70726dd,"Соус Унаги 1,8 л (6) PRB",condiments.sauce,0.3,condiments.sauce
f2c1d30e-83fe-416f-9eb4-73540e3111a3,"Соус Унаги 1,8 л Barco Group",condiments.sauce,0.3,condiments.sauce
14139dc3-54c7-463c-ad84-47033db0e06d,"Соус Устричный 2,4 кг (6) PRB",condiments.sauce,0.3,condiments.sauce
92f5d615-13ba-4f3f-93ba-88cd81daa900,Соус Устричный 510 гр (12) PRB,condiments.sauce,0.3,condiments.sauce
2a75d0b4-85e0-4dc5-aa28-dfe647fd92e4,"Соус Хойсин 1,8 л/2,2 кг (6) PRB",condiments.sauce,0.3,condiments.sauce
6f5f7f62-7a52-4936-9312-0f405327c7d1,Чеснок,condiments.spice,0.3,condiments.spice
9b53a6d7-dc14-4b2b-871a-3a76c88323cc,Чеснок Smart Chef Молотый 550г,condiments.spice,0.3,condiments.spice
cdc52c3c-b9a6-49d1-a22a-64b28500e37e,Смесь Темпурная Nihao 1кг,condiments.spice,0.3,condiments.spice
f8883e97-d58c-4e2d-aff8-041fffcbade3,Соус Akiso Унаги 1л,condiments.sauce,0.3,condiments.sauce
11b8f947-30c3-4ae3-97eb-7cc442cc0651,Соус Aramaki Унаги 1л,condiments.sauce,0.3,condiments.sauce
084b7da1-0c9c-4396-9843-33301a51072d,Соус Aroy-D Рыбный 700мл,condiments.sauce,0.3,condiments.sauce
708e6676-f248-4e0f-ba5c-313d31504605,Соус Aroy-D Шрирача 510г,condiments.sauce,0.3,condiments.sauce
c5eb3540-b761-4ee8-8d39-c92076c7497f,Соус Dunkan Рисовый Мирин Фу 20л,condiments.sauce,0.3,condiments.sauce
43bccab4-092e-4213-b28c-f64fd2554965,"Соус PRB Устричный 2,4кг",condiments.sauce,0.3,condiments.sauce
4fb2fa96-72c5-4442-b0d3-58feabc5fe1f,Соус Smart Chef Унаги 1л,condiments.sauce,0.3,condiments.sauce
2b2b6611-f791-46c3-892c-beffccf202f3,"Соус Tamaki Унаги 1,8л",condiments.sauce,0.3,condiments.sauce
1ef7426f-5f9b-494d-b0f7-c40201edcd09,Соус Uni-Eagle Шрирача 815г,condiments.sauce,0.3,condiments.sauce
64e27392-074f-473e-ba41-e9ac9c9de07a,"Соус Хойсин 2,2кг",condiments.sauce,0.3,condiments.sauce
e3c0866d-142f-4853-a4e4-f6b645985124,"Сыр Мягкий Monblu с Голубой Благородной Плесенью 50% 2,5кг",dairy.сыр,0.3,dairy.сыр
df49b1cd-e786-487b-9363-d7274aded045,"Сыр Smart Chef Гауда 45% 3,5кг",dairy.сыр,0.3,dairy.сыр
941154b7-7727-4aa9-b3d4-71cc7b61ee56,Сыр Сиртаки для Греческого Салата Классик 35% 330г,dairy.сыр,0.3,dairy.сыр
5192f878-4962-409d-8910-a9f5fa269631,"Сыр President Cream Cheese Professional 65% 2,2кг",dairy.сыр,0.3,dairy.сыр
28be44c6-17cb-4556-988e-4176a6371b74,Сыр Творожный Hochland Professional Cremette 65% 1кг,dairy.сыр,0.3,dairy.сыр
71f1be67-fc06-4f7a-ac16-28ba8b81e654,"Сыр Творожный Hochland Professional Cremette 65% 2,2кг",dairy.сыр,0.3,dairy.сыр
c1a00c93-b806-41ee-812d-f280385b464b,"Сыр Творожный Profi Cheese 70% 2,2кг Ведро",dairy.сыр,0.3,dairy.сыр
